timestamp_s,ms,ir,red,ax_g,ay_g,az_g,gx_dps,gy_dps,gz_dps,temp_c,gsr_raw,lux,ecg_raw,mic_raw,mic_rms,mic_pitch_hz,fsr_raw,temp1_c,room_temp_c,humidity_pct,pressure_hpa,buttons,status,ppg_quality,source
1786877669.2378023,3049,45377,42932,-0.0021898229035396282,-0.006272624783851551,0.9985391388811737,-0.2698890078658462,-0.30623572170208685,-0.8413781954344438,32.38906967225335,444,157.9762688253973,408,517,21.411603201703116,208.6877393753175,409,32.51792468801768,25.0,48.0,1008.0,0,0,1.0,demo
1786877672.2603571,6072,47428,44107,0.020565649248995607,0.053105871412267844,1.0168584886884957,-0.017365135532103188,-0.08602198543952891,-0.4283470602320828,32.371558468674216,420,165.8308988780162,445,510,21.487461413123654,211.5252696135171,414,32.467609474345494,25.0,48.0,1008.0,0,0,1.0,demo
1786877675.2736855,9085,49582,46460,-0.014397735988755184,0.0377284577196714,0.9758051142819013,-0.5253085214501934,-0.4045052376507971,0.5994095113074489,32.431752398485294,436,173.5629795603549,583,510,22.129624634967552,212.9176612754445,406,32.56081133102974,25.0,48.0,1008.0,0,0,1.0,demo
1786877678.2845902,12096,48280,45395,0.012022608536260098,-0.04205014879069991,0.9939769763571004,-0.41395732517714223,-0.616597488894581,-0.2736006390295002,32.387293719158784,432,181.14246441661058,535,510,24.031665783847938,212.57000962244396,404,32.45355185958883,25.0,48.0,1008.0,0,0,1.0,demo
1786877681.2858741,15098,48444,45734,0.008645169991196761,-0.022155444851684535,1.0114737259337914,-0.3978475520126737,-0.5016984356533934,0.0034267750411404838,32.376152389151386,457,188.50530381685925,525,514,21.97781461425726,210.56908711323976,390,32.44150270653118,25.0,48.0,1008.0,0,0,1.0,demo
1786877684.307401,18119,46430,43346,-0.03809648517469872,0.006162859327726506,0.9801635155250225,-0.645955782462166,-0.02708415418542317,-0.22314894706202884,32.40029583048886,441,195.67769262309673,386,511,23.798696103231734,207.3288317822617,432,32.52804362371866,25.0,48.0,1008.0,0,0,1.0,demo
1786877687.3364062,21148,45629,42702,0.0033326235023725154,-0.017547784927862,1.0020847550986967,0.6827263639642188,-0.8538993466669913,0.09532846372966064,32.38827173031459,408,202.58106391866542,397,512,18.982523243297,203.56450147167922,409,32.55252277926658,25.0,48.0,1008.0,0,0,1.0,demo
1786877690.413435,24225,46695,44429,-0.007876938944700127,-0.027032557208086345,0.9885024839392259,-0.027125293559282622,-0.5096267030407862,0.6609732220786485,32.369302991193166,439,209.25528221945058,497,508,20.384280164984233,200.07138105574708,438,32.466734373429844,25.0,48.0,1008.0,0,0,1.0,demo
1786877745.8591003,3125,45310,43308,-0.0021898229035396282,-0.006272624783851551,0.9985391388811737,-0.2698890078658462,-0.30623572170208685,-0.8413781954344438,32.38907041624408,444,158.17383869042158,438,517,21.411603201703116,208.77190922223267,409,32.51792543200841,25.0,48.0,1008.0,0,0,1.0,demo
1786877748.9926586,6259,45418,43017,0.020565649248995607,0.053105871412267844,1.0168584886884957,-0.017365135532103188,-0.08602198543952891,-0.4283470602320828,32.37156030406891,420,166.3133669954443,401,510,21.487461413123654,211.65818811301034,414,32.467611309740185,25.0,48.0,1008.0,0,0,1.0,demo
1786877752.0474434,9314,46476,43201,-0.014397735988755184,0.0377284577196714,0.9758051142819013,-0.5253085214501934,-0.4045052376507971,0.5994095113074489,32.43175464215995,437,174.14309206712153,400,510,22.129624634967552,212.95359984884144,406,32.5608135747044,25.0,48.0,1008.0,0,0,1.0,demo
1786877755.1222217,12388,49520,46551,0.012022608536260098,-0.04205014879069991,0.9939769763571004,-0.41395732517714223,-0.616597488894581,-0.2736006390295002,32.387296591903166,432,181.8681020310342,576,510,24.031665783847938,212.4433884426053,404,32.45355473233321,25.0,48.0,1008.0,0,0,1.0,demo
1786877758.1779342,15444,45128,43160,0.008645169991196761,-0.022155444851684535,1.0114737259337914,-0.3978475520126737,-0.5016984356533934,0.0034267750411404838,32.376155798453986,456,189.34083849920262,399,514,21.97781461425726,210.24842205928488,390,32.44150611583378,25.0,48.0,1008.0,0,0,1.0,demo
1786877761.2232814,18489,48498,45573,-0.03809648517469872,0.006162859327726506,0.9801635155250225,-0.645955782462166,-0.02708415418542317,-0.22314894706202884,32.40029947543185,441,196.53792132870993,534,511,23.798696103231734,206.87996962405578,432,32.52804726866165,25.0,48.0,1008.0,0,0,1.0,demo
1786877764.2730336,21539,50291,46468,0.0033326235023725154,-0.017547784927862,1.0020847550986967,0.6827263639642188,-0.8538993466669913,0.09532846372966064,32.388275580797654,407,203.4490945764123,620,512,18.982523243297,203.08408956400507,409,32.55252662974964,25.0,48.0,1008.0,0,0,1.0,demo
1786877767.2995918,24566,49996,46965,-0.007876938944700127,-0.027032557208086345,0.9885024839392259,-0.027125293559282622,-0.5096267030407862,0.6609732220786485,32.36930634586217,439,209.97114202073948,621,508,20.384280164984233,199.74148261718702,438,32.46673772809885,25.0,48.0,1008.0,0,0,1.0,demo
1786877770.3406537,27607,45254,43001,-0.0275679122844364,-0.022156516735253835,0.9897216938966903,0.415011790190774,0.407618538364743,-0.30796799292369603,32.39942436917818,411,216.14535767287884,404,512,21.18384081096451,197.55845439264408,410,32.496305932053076,25.0,48.0,1008.0,0,0,1.0,demo
1786877773.3958004,30662,45859,42879,-0.007985421040358332,-0.00806855752856056,1.035370702025612,-0.9911921396950447,0.11894765787399753,0.192840298097442,32.39040364623103,431,221.9261538427363,400,514,18.240521188031597,197.043261418854,426,32.48278390532979,25.0,48.0,1008.0,0,0,1.0,demo
1786877776.460317,33726,49627,46314,0.017059234430705845,0.028335521170979427,1.010137535578995,-0.3304367339925698,0.13360746075981564,0.28544951961811993,32.41747632127116,386,227.26263273228082,598,505,21.420227046596793,198.33214582209604,426,32.527550175435,25.0,48.0,1008.0,0,0,1.0,demo
1786877779.5397658,36806,45449,42941,-0.009749328154017857,-0.014041105281267327,0.9968360634715339,-0.3365708800555477,0.14063048562503225,0.03121890818233923,32.38429408935829,402,232.12437611869206,393,518,19.935957035955084,201.1529420150572,410,32.477921688903095,25.0,48.0,1008.0,0,0,1.0,demo
1786878020.3733175,1883,50035,47012,-0.0021898229035396282,-0.006272624783851551,0.9985391388811737,-0.2698890078658462,-0.30623572170208685,-0.8413781954344438,32.389058210590775,441,154.9288727702982,635,517,21.411603201703116,207.33244134294145,409,32.517913226355105,25.0,48.0,1008.0,0,0,1.0,demo
1786878022.2013843,3711,47293,43962,0.020565649248995607,0.053105871412267844,1.0168584886884957,-0.017365135532103188,-0.08602198543952891,-0.4283470602320828,32.37153526394048,416,159.7014555149614,438,510,21.487461413123654,209.40427558204527,414,32.46758626961176,25.0,48.0,1008.0,0,0,1.0,demo
1786878024.0203006,5530,45769,43493,-0.014397735988755184,0.0377284577196714,0.9758051142819013,-0.5253085214501934,-0.4045052376507971,0.5994095113074489,32.431717445020666,432,164.42811687818988,435,510,22.129624634967552,211.10801835731996,406,32.56077637756511,25.0,48.0,1008.0,0,0,1.0,demo
1786878035.8417308,1876,50103,47046,-0.0021898229035396282,-0.006272624783851551,0.9985391388811737,-0.2698890078658462,-0.30623572170208685,-0.8413781954344438,32.389058144823366,441,154.91136956217807,637,517,21.411603201703116,207.32439378339518,409,32.517913160587696,25.0,48.0,1008.0,0,0,1.0,demo
1786878056.7839599,2928,46872,43799,-0.0021898229035396282,-0.006272624783851551,0.9985391388811737,-0.2698890078658462,-0.30623572170208685,-0.8413781954344438,32.38906847485317,443,157.658225144961,446,517,21.411603201703116,208.55118227858654,409,32.5179234906175,25.0,48.0,1008.0,0,0,1.0,demo
1786878059.6945922,5838,50482,47068,0.020565649248995607,0.053105871412267844,1.0168584886884957,-0.017365135532103188,-0.08602198543952891,-0.4283470602320828,32.37155617071874,420,165.2262916200092,624,510,21.487461413123654,211.35094964378172,414,32.46760717639002,25.0,48.0,1008.0,0,0,1.0,demo
1786878062.6342928,8778,47456,44734,-0.014397735988755184,0.0377284577196714,0.9758051142819013,-0.5253085214501934,-0.4045052376507971,0.5994095113074489,32.431749375781415,436,172.78009609323368,509,510,22.129624634967552,212.85317295403823,406,32.56080830832586,25.0,48.0,1008.0,0,0,1.0,demo
1786878065.5918038,11735,47018,43793,0.012022608536260098,-0.04205014879069991,0.9939769763571004,-0.41395732517714223,-0.616597488894581,-0.2736006390295002,32.38729017024088,432,180.24348720856096,418,510,24.031665783847938,212.70441990009436,404,32.453548310670925,25.0,48.0,1008.0,0,0,1.0,demo
1786878068.5521262,14696,47514,45069,0.008645169991196761,-0.022155444851684535,1.0114737259337914,-0.3978475520126737,-0.5016984356533934,0.0034267750411404838,32.37614843599535,457,187.53248117612762,515,514,21.97781461425726,210.92021100027003,390,32.44149875337514,25.0,48.0,1008.0,0,0,1.0,demo
1786878071.500552,17644,50404,46884,-0.03809648517469872,0.006162859327726506,0.9801635155250225,-0.645955782462166,-0.02708415418542317,-0.22314894706202884,32.40029115647636,442,194.56827354792537,602,511,23.798696103231734,207.89271413167654,432,32.52803894970616,25.0,48.0,1008.0,0,0,1.0,demo
1786878074.407847,20551,50228,46418,0.0033326235023725154,-0.017547784927862,1.0020847550986967,0.6827263639642188,-0.8538993466669913,0.09532846372966064,32.388265856356554,409,201.246213222336,618,512,18.982523243297,204.3072296252265,409,32.55251690530854,25.0,48.0,1008.0,0,0,1.0,demo
1786878077.3361268,23480,50274,46815,-0.007876938944700127,-0.027032557208086345,0.9885024839392259,-0.027125293559282622,-0.5096267030407862,0.6609732220786485,32.369295650142966,441,207.67230871297346,627,508,20.384280164984233,200.84118174865336,438,32.466727032379644,25.0,48.0,1008.0,0,0,1.0,demo
1786879671.9697938,2959,46435,43422,-0.0021898229035396282,-0.006272624783851551,0.9985391388811737,-0.2698890078658462,-0.30623572170208685,-0.8413781954344438,32.38906878341107,443,157.74018978499646,427,517,21.411603201703116,208.58649829225251,409,32.5179237991754,25.0,48.0,1008.0,0,0,1.0,demo
1786879707.5902517,2874,47598,44595,-0.0021898229035396282,-0.006272624783851551,0.9985391388811737,-0.2698890078658462,-0.30623572170208685,-0.8413781954344438,32.38906795073106,443,157.51898600273515,488,517,21.411603201703116,208.49099599648045,409,32.51792296649539,25.0,48.0,1008.0,0,0,1.0,demo
1786879742.6465318,2988,46041,43158,-0.0021898229035396282,-0.006272624783851551,0.9985391388811737,-0.2698890078658462,-0.30623572170208685,-0.8413781954344438,32.389069069505226,443,157.8161822722748,415,517,21.411603201703116,208.61916516252117,409,32.517924085269556,25.0,48.0,1008.0,0,0,1.0,demo
1786917931.8397164,0,50000,40000,0.01,0.0,1.0,0.0,0.0,0.0,32.0,500,10,-1,-1,0.0,0.0,-1,,,,,0,0,1.0,serial
1786917931.8397164,0,50000,40000,0.01,0.0,1.0,0.0,0.0,0.0,32.0,500,10,-1,-1,0.0,0.0,-1,,,,,0,0,1.0,serial
1786917931.8397164,0,50000,40000,0.01,0.0,1.0,0.0,0.0,0.0,32.0,500,10,-1,-1,0.0,0.0,-1,,,,,0,0,1.0,serial
1786917931.8397164,0,50000,40000,0.01,0.0,1.0,0.0,0.0,0.0,32.0,500,10,-1,-1,0.0,0.0,-1,,,,,0,0,1.0,serial
1786917955.260828,0,50000,40000,0.01,0.0,1.0,0.0,0.0,0.0,32.0,500,10,-1,-1,0.0,0.0,-1,,,,,0,0,1.0,serial
1786917957.944527,0,50000,40000,0.01,0.0,1.0,0.0,0.0,0.0,32.0,500,10,-1,-1,0.0,0.0,-1,,,,,0,0,1.0,serial
1786917960.6063445,0,50000,40000,0.01,0.0,1.0,0.0,0.0,0.0,32.0,500,10,-1,-1,0.0,0.0,-1,,,,,0,0,1.0,serial
1786917963.2869613,0,50000,40000,0.01,0.0,1.0,0.0,0.0,0.0,32.0,500,10,-1,-1,0.0,0.0,-1,,,,,0,0,1.0,serial
1786917965.9985654,0,50000,40000,0.01,0.0,1.0,0.0,0.0,0.0,32.0,500,10,-1,-1,0.0,0.0,-1,,,,,0,0,1.0,serial
1786917999.5180168,0,50000,40000,0.01,0.0,1.0,0.0,0.0,0.0,32.0,500,10,-1,-1,0.0,0.0,-1,,,,,0,0,1.0,serial
1786918002.2051563,0,50000,40000,0.01,0.0,1.0,0.0,0.0,0.0,32.0,500,10,-1,-1,0.0,0.0,-1,,,,,0,0,1.0,serial
1786918004.865782,0,50000,40000,0.01,0.0,1.0,0.0,0.0,0.0,32.0,500,10,-1,-1,0.0,0.0,-1,,,,,0,0,1.0,serial
1786918007.5515568,0,50000,40000,0.01,0.0,1.0,0.0,0.0,0.0,32.0,500,10,-1,-1,0.0,0.0,-1,,,,,0,0,1.0,serial
1786918010.2852733,0,50000,40000,0.01,0.0,1.0,0.0,0.0,0.0,32.0,500,10,-1,-1,0.0,0.0,-1,,,,,0,0,1.0,serial
1786918013.0480092,0,50000,40000,0.01,0.0,1.0,0.0,0.0,0.0,32.0,500,10,-1,-1,0.0,0.0,-1,,,,,0,0,1.0,serial
1786918025.0090644,2382,46095,44035,-0.0021898229035396282,-0.006272624783851551,0.9985391388811737,-0.2698890078658462,-0.30623572170208685,-0.8413781954344438,32.389063115046156,442,156.23363375499093,483,517,21.411603201703116,207.92467587111955,409,32.517918130810486,25.0,48.0,1008.0,0,0,1.0,demo
1786918026.1321154,3505,50084,46873,0.020565649248995607,0.053105871412267844,1.0168584886884957,-0.017365135532103188,-0.08602198543952891,-0.4283470602320828,32.3715332410328,416,159.16493935232148,609,510,21.487461413123654,209.18606032133147,414,32.46758424670408,25.0,48.0,1008.0,0,0,1.0,demo
1786918027.2557013,4629,45657,42827,-0.014397735988755184,0.0377284577196714,0.9758051142819013,-0.5253085214501934,-0.4045052376507971,0.5994095113074489,32.4317085876353,431,162.08971334016366,386,510,22.129624634967552,210.31801461756913,406,32.560767520179745,25.0,48.0,1008.0,0,0,1.0,demo
1786918028.3813617,5754,50395,46844,0.012022608536260098,-0.04205014879069991,0.9939769763571004,-0.41395732517714223,-0.616597488894581,-0.2736006390295002,32.387231360636434,427,165.0093967340888,610,510,24.031665783847938,211.28635714223464,404,32.45348950106648,25.0,48.0,1008.0,0,0,1.0,demo
1786918029.6723523,7045,45108,43052,0.008645169991196761,-0.022155444851684535,1.0114737259337914,-0.3978475520126737,-0.5016984356533934,0.0034267750411404838,32.37607319426792,454,168.34170686596423,391,514,21.97781461425726,212.1540557159829,390,32.44142351164771,25.0,48.0,1008.0,0,0,1.0,demo
1786918030.8414319,8214,50397,47151,-0.03809648517469872,0.006162859327726506,0.9801635155250225,-0.645955782462166,-0.02708415418542317,-0.22314894706202884,32.40019839317897,443,171.34136683706708,607,511,23.798696103231734,212.68758176100027,432,32.52794618640877,25.0,48.0,1008.0,0,0,1.0,demo
1786918032.0138218,9387,45648,42703,0.0033326235023725154,-0.017547784927862,1.0020847550986967,0.6827263639642188,-0.8538993466669913,0.09532846372966064,32.388156000866125,414,174.32944316117235,397,512,18.982523243297,212.96298700923302,409,32.552407049818115,25.0,48.0,1008.0,0,0,1.0,demo
1786918033.1819825,10555,50428,46960,-0.007876938944700127,-0.027032557208086345,0.9885024839392259,-0.027125293559282622,-0.5096267030407862,0.6609732220786485,32.36916844631787,452,177.28394929174198,633,508,20.384280164984233,212.96955977523072,438,32.46659982855455,25.0,48.0,1008.0,0,0,1.0,demo
1786918034.357287,11730,46983,43818,-0.0275679122844364,-0.022156516735253835,0.9897216938966903,0.415011790190774,0.407618538364743,-0.30796799292369603,32.39926806871061,431,180.23076694807884,434,512,21.18384081096451,212.70614253792317,410,32.49614963158551,25.0,48.0,1008.0,0,0,1.0,demo
1786918069.6407075,2463,48003,45317,-0.0021898229035396282,-0.006272624783851551,0.9985391388811737,-0.2698890078658462,-0.30623572170208685,-0.8413781954344438,32.389063909820486,443,156.44497090965191,558,517,21.411603201703116,208.0190474101281,409,32.517918925584816,25.0,48.0,1008.0,0,0,1.0,demo
1786918070.7617204,3584,49023,45981,0.020565649248995607,0.053105871412267844,1.0168584886884957,-0.017365135532103188,-0.08602198543952891,-0.4283470602320828,32.37153401588081,416,159.37047854494116,552,510,21.487461413123654,209.2701750380726,414,32.46758502155209,25.0,48.0,1008.0,0,0,1.0,demo
1786918071.8856509,4708,45465,43142,-0.014397735988755184,0.0377284577196714,0.9758051142819013,-0.5253085214501934,-0.4045052376507971,0.5994095113074489,32.43170936596782,431,162.2954960420734,412,510,22.129624634967552,210.39194772124864,406,32.560768298512265,25.0,48.0,1008.0,0,0,1.0,demo
1786918073.0762842,5899,49760,46739,0.012022608536260098,-0.04205014879069991,0.9939769763571004,-0.41395732517714223,-0.616597488894581,-0.2736006390295002,32.38723277771894,427,165.3824415192227,588,510,24.031665783847938,211.39678433981075,404,32.45349091814899,25.0,48.0,1008.0,0,0,1.0,demo
1786918074.2699358,7092,45322,43441,0.008645169991196761,-0.022155444851684535,1.0114737259337914,-0.3978475520126737,-0.5016984356533934,0.0034267750411404838,32.376073654626644,454,168.46220874246205,418,514,21.97781461425726,212.1801986223372,390,32.44142397200644,25.0,48.0,1008.0,0,0,1.0,demo
1786918075.4294755,8252,50011,46950,-0.03809648517469872,0.006162859327726506,0.9801635155250225,-0.645955782462166,-0.02708415418542317,-0.22314894706202884,32.40019875980135,443,171.43672792092974,591,511,23.798696103231734,212.70041675416599,432,32.52794655303115,25.0,48.0,1008.0,0,0,1.0,demo
1786918076.5934303,9416,45467,42738,0.0033326235023725154,-0.017547784927862,1.0020847550986967,0.6827263639642188,-0.8538993466669913,0.09532846372966064,32.388156284589506,414,174.40270333864464,402,512,18.982523243297,212.96638894089813,409,32.552407333541495,25.0,48.0,1008.0,0,0,1.0,demo
1786918077.7710116,10593,50527,47138,-0.007876938944700127,-0.027032557208086345,0.9885024839392259,-0.027125293559282622,-0.5096267030407862,0.6609732220786485,32.36916882272831,452,177.3803339280401,639,508,20.384280164984233,212.96522408329432,438,32.46660020496499,25.0,48.0,1008.0,0,0,1.0,demo
1786918078.9487147,11771,46445,43351,-0.0275679122844364,-0.022156516735253835,0.9897216938966903,0.415011790190774,0.407618538364743,-0.30796799292369603,32.39926846876513,431,180.3322474807405,410,512,21.18384081096451,212.6922600650401,410,32.49615003164003,25.0,48.0,1008.0,0,0,1.0,demo
1786918229.1015747,2624,50433,47098,-0.0021898229035396282,-0.006272624783851551,0.9985391388811737,-0.2698890078658462,-0.30623572170208685,-0.8413781954344438,32.3890654895166,443,156.8649328638853,647,517,21.411603201703116,208.2051561790566,409,32.51792050528093,25.0,48.0,1008.0,0,0,1.0,demo
1786918230.2358127,3758,46637,43368,0.020565649248995607,0.053105871412267844,1.0168584886884957,-0.017365135532103188,-0.08602198543952891,-0.4283470602320828,32.37153572574219,416,159.82389400617757,407,510,21.487461413123654,209.45345296437847,414,32.46758673141347,25.0,48.0,1008.0,0,0,1.0,demo
1786918231.3527324,4875,48779,45576,-0.014397735988755184,0.0377284577196714,0.9758051142819013,-0.5253085214501934,-0.4045052376507971,0.5994095113074489,32.431711007142766,431,162.72922462534996,557,510,22.129624634967552,210.54509109231336,406,32.56076993968721,25.0,48.0,1008.0,0,0,1.0,demo
1786918232.5437014,6066,47449,44243,0.012022608536260098,-0.04205014879069991,0.9939769763571004,-0.41395732517714223,-0.616597488894581,-0.2736006390295002,32.38723442241479,427,165.81512244290658,442,510,24.031665783847938,211.52082966686484,404,32.453492562844836,25.0,48.0,1008.0,0,0,1.0,demo
1786918233.74581,7268,49144,46109,0.008645169991196761,-0.022155444851684535,1.0114737259337914,-0.3978475520126737,-0.5016984356533934,0.0034267750411404838,32.376075382685315,454,168.91428453925718,572,514,21.97781461425726,212.27485314392777,390,32.44142570006511,25.0,48.0,1008.0,0,0,1.0,demo
1786918234.9248064,8447,47362,44175,-0.03809648517469872,0.006162859327726506,0.9801635155250225,-0.645955782462166,-0.02708415418542317,-0.22314894706202884,32.400200679391205,443,171.9356847225337,428,511,23.798696103231734,212.7632959244794,432,32.527948472621006,25.0,48.0,1008.0,0,0,1.0,demo
1786918236.1061835,9628,48655,45360,0.0033326235023725154,-0.017547784927862,1.0020847550986967,0.6827263639642188,-0.8538993466669913,0.09532846372966064,32.38815837575863,415,174.94222424713527,562,512,18.982523243297,212.98641073615386,409,32.55240942471062,25.0,48.0,1008.0,0,0,1.0,demo
1786918237.3020313,10824,47982,44975,-0.007876938944700127,-0.027032557208086345,0.9885024839392259,-0.027125293559282622,-0.5096267030407862,0.6609732220786485,32.36917109382639,452,177.96128162729926,500,508,20.384280164984233,212.93296250486188,438,32.466602476063066,25.0,48.0,1008.0,0,0,1.0,demo
1786918284.8953567,2737,49470,46635,-0.0021898229035396282,-0.006272624783851551,0.9985391388811737,-0.2698890078658462,-0.30623572170208685,-0.8413781954344438,32.389066598180726,443,157.15959429346248,609,517,21.411603201703116,208.3345556056364,409,32.517921613945056,25.0,48.0,1008.0,0,0,1.0,demo
1786918286.147248,3988,46454,44100,0.020565649248995607,0.053105871412267844,1.0168584886884957,-0.017365135532103188,-0.08602198543952891,-0.4283470602320828,32.37153799076894,417,160.4241972418113,471,510,21.487461413123654,209.6910886421467,414,32.46758899644022,25.0,48.0,1008.0,0,0,1.0,demo
1786918287.3310728,5172,48938,45849,-0.014397735988755184,0.0377284577196714,0.9758051142819013,-0.5253085214501934,-0.4045052376507971,0.5994095113074489,32.431713930044594,432,163.50105904398896,545,510,22.129624634967552,210.80831627794015,406,32.56077286258904,25.0,48.0,1008.0,0,0,1.0,demo
1786918288.6080973,6449,48689,45654,0.012022608536260098,-0.04205014879069991,0.9939769763571004,-0.41395732517714223,-0.616597488894581,-0.2736006390295002,32.387238191644876,428,166.80552956522544,549,510,24.031665783847938,211.7879793295031,404,32.45349633207492,25.0,48.0,1008.0,0,0,1.0,demo
1786918289.8645487,7706,46342,43425,0.008645169991196761,-0.022155444851684535,1.0114737259337914,-0.3978475520126737,-0.5016984356533934,0.0034267750411404838,32.37607968669956,455,170.03845283146947,399,514,21.97781461425726,212.48634582330297,390,32.44143000407936,25.0,48.0,1008.0,0,0,1.0,demo
1786918291.2306185,9072,49747,46767,-0.03809648517469872,0.006162859327726506,0.9801635155250225,-0.645955782462166,-0.02708415418542317,-0.22314894706202884,32.400206823465446,444,173.52871653466954,579,511,23.798696103231734,212.91522195513903,432,32.52795461669525,25.0,48.0,1008.0,0,0,1.0,demo
1786918292.4679227,10309,45785,43361,0.0033326235023725154,-0.017547784927862,1.0020847550986967,0.6827263639642188,-0.8538993466669913,0.09532846372966064,32.38816507066315,415,176.6641386694329,445,512,18.982523243297,212.99053727300713,409,32.55241611961514,25.0,48.0,1008.0,0,0,1.0,demo
1786918293.7871673,11628,48342,45417,-0.007876938944700127,-0.027032557208086345,0.9885024839392259,-0.027125293559282622,-0.5096267030407862,0.6609732220786485,32.36917900334792,453,179.97630852926855,525,508,20.384280164984233,212.73954875777724,438,32.466610385584595,25.0,48.0,1008.0,0,0,1.0,demo
1786918322.6314938,2695,49988,46987,-0.0021898229035396282,-0.006272624783851551,0.9985391388811737,-0.2698890078658462,-0.30623572170208685,-0.8413781954344438,32.38906618596163,443,157.05004204796845,633,517,21.411603201703116,208.2865631748848,409,32.51792120172596,25.0,48.0,1008.0,0,0,1.0,demo
1786918323.8343327,3897,45424,43066,0.020565649248995607,0.053105871412267844,1.0168584886884957,-0.017365135532103188,-0.08602198543952891,-0.4283470602320828,32.37153709643623,417,160.18721698123454,405,510,21.487461413123654,209.59797771117806,414,32.467588102107506,25.0,48.0,1008.0,0,0,1.0,demo
1786918325.092657,5156,49171,46088,-0.014397735988755184,0.0377284577196714,0.9758051142819013,-0.5253085214501934,-0.4045052376507971,0.5994095113074489,32.431713767823915,432,163.4582440306927,560,510,22.129624634967552,210.79403450855597,406,32.56077270036836,25.0,48.0,1008.0,0,0,1.0,demo
1786918326.2862968,6349,46244,44033,0.012022608536260098,-0.04205014879069991,0.9939769763571004,-0.41395732517714223,-0.616597488894581,-0.2736006390295002,32.387237209721725,428,166.5476815607936,456,510,24.031665783847938,211.72071878765408,404,32.45349535015177,25.0,48.0,1008.0,0,0,1.0,demo
1786918327.620958,7684,46647,43680,0.008645169991196761,-0.022155444851684535,1.0114737259337914,-0.3978475520126737,-0.5016984356533934,0.0034267750411404838,32.376079473555464,455,169.98284362957423,411,514,21.97781461425726,212.47669777621513,390,32.44142979093526,25.0,48.0,1008.0,0,0,1.0,demo
1786918328.8567958,8920,50401,46882,-0.03809648517469872,0.006162859327726506,0.9801635155250225,-0.645955782462166,-0.02708415418542317,-0.22314894706202884,32.40020532972042,443,173.14199266797448,602,511,23.798696103231734,212.88525337158723,432,32.52795312295022,25.0,48.0,1008.0,0,0,1.0,demo
1786918330.1949122,10258,45429,42886,0.0033326235023725154,-0.017547784927862,1.0020847550986967,0.6827263639642188,-0.8538993466669913,0.09532846372966064,32.38816456812925,415,176.53517990196704,414,512,18.982523243297,212.9934021479924,409,32.55241561708124,25.0,48.0,1008.0,0,0,1.0,demo
1786918331.4311564,11494,50057,47000,-0.007876938944700127,-0.027032557208086345,0.9885024839392259,-0.027125293559282622,-0.5096267030407862,0.6609732220786485,32.36917768436316,453,179.64119616127337,624,508,20.384280164984233,212.78047752300145,438,32.46660906659984,25.0,48.0,1008.0,0,0,1.0,demo
1786918363.1278296,1314,46810,43740,-0.0021898229035396282,-0.006272624783851551,0.9985391388811737,-0.2698890078658462,-0.30623572170208685,-0.8413781954344438,32.38905262032561,440,153.4405579483692,443,517,21.411603201703116,206.64008236269913,409,32.51790763608994,25.0,48.0,1008.0,0,0,1.0,demo
1786918364.3161917,2502,49186,45888,0.020565649248995607,0.053105871412267844,1.0168584886884957,-0.017365135532103188,-0.08602198543952891,-0.4283470602320828,32.37152338670738,414,156.5476742744146,572,510,21.487461413123654,208.06473865223168,414,32.46757439237866,25.0,48.0,1008.0,0,0,1.0,demo
1786918365.5028918,3689,47572,44228,-0.014397735988755184,0.0377284577196714,0.9758051142819013,-0.5253085214501934,-0.4045052376507971,0.5994095113074489,32.43169935228209,430,159.64412269773518,453,510,22.129624634967552,209.38116725613588,406,32.560758284826534,25.0,48.0,1008.0,0,0,1.0,demo
1786918366.6870427,4873,48694,45657,0.012022608536260098,-0.04205014879069991,0.9939769763571004,-0.41395732517714223,-0.616597488894581,-0.2736006390295002,32.38722269897258,425,162.72464388459855,549,510,24.031665783847938,210.54349300866642,404,32.45348083940262,25.0,48.0,1008.0,0,0,1.0,demo
1786918367.9447215,6131,46289,43385,0.008645169991196761,-0.022155444851684535,1.0114737259337914,-0.3978475520126737,-0.5016984356533934,0.0034267750411404838,32.37606420388955,453,165.9829871291377,397,514,21.97781461425726,211.56776926600813,390,32.441414521269344,25.0,48.0,1008.0,0,0,1.0,demo
1786918369.366886,7553,48716,45787,-0.03809648517469872,0.006162859327726506,0.9801635155250225,-0.645955782462166,-0.02708415418542317,-0.22314894706202884,32.400191889748456,442,169.64641547935497,519,511,23.798696103231734,212.41650850721797,432,32.52793968297826,25.0,48.0,1008.0,0,0,1.0,demo
1786918370.5883958,8775,47397,44558,0.0033326235023725154,-0.017547784927862,1.0020847550986967,0.6827263639642188,-0.8538993466669913,0.09532846372966064,32.38814997955521,414,172.77141769338908,517,512,18.982523243297,212.85235596509023,409,32.5524010285072,25.0,48.0,1008.0,0,0,1.0,demo
1786918371.8108494,9997,48083,45100,-0.007876938944700127,-0.027032557208086345,0.9885024839392259,-0.027125293559282622,-0.5096267030407862,0.6609732220786485,32.369162958131454,452,175.87552084246573,507,508,20.384280164984233,212.99999937106205,438,32.46659434036813,25.0,48.0,1008.0,0,0,1.0,demo
1786918373.210459,11397,50448,46971,-0.0275679122844364,-0.022156516735253835,0.9897216938966903,0.415011790190774,0.407618538364743,-0.30796799292369603,32.399264785953726,430,179.39673882394095,629,512,21.18384081096451,212.80813230496938,410,32.496146348828624,25.0,48.0,1008.0,0,0,1.0,demo
1786918411.8997478,1328,46614,43566,-0.0021898229035396282,-0.006272624783851551,0.9985391388811737,-0.2698890078658462,-0.30623572170208685,-0.8413781954344438,32.38905276158918,440,153.4781789908864,434,517,21.411603201703116,206.65776329277486,409,32.51790777735351,25.0,48.0,1008.0,0,0,1.0,demo
1786918413.0922933,2521,49588,46153,0.020565649248995607,0.053105871412267844,1.0168584886884957,-0.017365135532103188,-0.08602198543952891,-0.4283470602320828,32.37152356909405,414,156.59616462609966,586,510,21.487461413123654,208.08627186642485,414,32.46757457476533,25.0,48.0,1008.0,0,0,1.0,demo
1786918414.2839162,3713,47250,43874,-0.014397735988755184,0.0377284577196714,0.9758051142819013,-0.5253085214501934,-0.4045052376507971,0.5994095113074489,32.431699583070774,430,159.7053177201046,434,510,22.129624634967552,209.40583042451783,406,32.56075851561522,25.0,48.0,1008.0,0,0,1.0,demo
1786918415.5533836,4982,50513,46963,0.012022608536260098,-0.04205014879069991,0.9939769763571004,-0.41395732517714223,-0.616597488894581,-0.2736006390295002,32.38722376832191,426,163.00711775218636,615,510,24.031665783847938,210.6412563196111,404,32.453481908751954,25.0,48.0,1008.0,0,0,1.0,demo
1786918416.7816787,6210,45330,42935,0.008645169991196761,-0.022155444851684535,1.0114737259337914,-0.3978475520126737,-0.5016984356533934,0.0034267750411404838,32.3760649845527,453,166.18819466548874,379,514,21.97781461425726,211.62423907998607,390,32.441415301932494,25.0,48.0,1008.0,0,0,1.0,demo
1786918418.0890052,7518,49213,46309,-0.03809648517469872,0.006162859327726506,0.9801635155250225,-0.645955782462166,-0.02708415418542317,-0.22314894706202884,32.40019154152008,442,169.5554844434705,550,511,23.798696103231734,212.39970670020713,432,32.52793933474988,25.0,48.0,1008.0,0,0,1.0,demo
1786918419.334377,8763,47112,44370,0.0033326235023725154,-0.017547784927862,1.0020847550986967,0.6827263639642188,-0.8538993466669913,0.09532846372966064,32.38814986590565,414,172.7419520857886,506,512,18.982523243297,212.8495654325312,409,32.55240091485764,25.0,48.0,1008.0,0,0,1.0,demo
1786918420.6671472,10096,46764,43640,-0.007876938944700127,-0.027032557208086345,0.9885024839392259,-0.027125293559282622,-0.5096267030407862,0.6609732220786485,32.369163929334405,452,176.12517709418253,428,508,20.384280164984233,212.99908599799198,438,32.46659531157108,25.0,48.0,1008.0,0,0,1.0,demo
1786918421.9289584,11358,50153,46683,-0.0275679122844364,-0.022156516735253835,0.9897216938966903,0.415011790190774,0.407618538364743,-0.30796799292369603,32.39926440196995,430,179.29903273124532,617,512,21.18384081096451,212.8186654362431,410,32.49614596484485,25.0,48.0,1008.0,0,0,1.0,demo
1786918439.2396188,2528,49511,46290,-0.0021898229035396282,-0.006272624783851551,0.9985391388811737,-0.2698890078658462,-0.30623572170208685,-0.8413781954344438,32.38906454688304,443,156.61434896336962,610,517,21.411603201703116,208.0943404470427,409,32.51791956264737,25.0,48.0,1008.0,0,0,1.0,demo
1786918440.3033702,3592,48917,45868,0.020565649248995607,0.053105871412267844,1.0168584886884957,-0.017365135532103188,-0.08602198543952891,-0.4283470602320828,32.37153409031573,416,159.39022125560217,545,510,21.487461413123654,209.27822110380444,414,32.467585095987005,25.0,48.0,1008.0,0,0,1.0,demo
1786918441.356468,4645,45530,42825,-0.014397735988755184,0.0377284577196714,0.9758051142819013,-0.5253085214501934,-0.4045052376507971,0.5994095113074489,32.4317087442554,431,162.13112635465907,388,510,22.129624634967552,210.33295838030716,406,32.56076767679985,25.0,48.0,1008.0,0,0,1.0,demo
1786918442.4309006,5719,49933,46478,0.012022608536260098,-0.04205014879069991,0.9939769763571004,-0.41395732517714223,-0.616597488894581,-0.2736006390295002,32.387231013739715,427,164.91804299952034,592,510,24.031665783847938,211.2588313094998,404,32.45348915416976,25.0,48.0,1008.0,0,0,1.0,demo
1786918443.6956503,6984,45468,42958,0.008645169991196761,-0.022155444851684535,1.0114737259337914,-0.3978475520126737,-0.5016984356533934,0.0034267750411404838,32.37607258935335,454,168.18332371091338,379,514,21.97781461425726,212.1191152836823,390,32.441422906733145,25.0,48.0,1008.0,0,0,1.0,demo
1786918444.799171,8087,49942,46522,-0.03809648517469872,0.006162859327726506,0.9801635155250225,-0.645955782462166,-0.02708415418542317,-0.22314894706202884,32.40019714360881,443,171.0161895008115,584,511,23.798696103231734,212.64185682551175,432,32.52794493683861,25.0,48.0,1008.0,0,0,1.0,demo
1786918445.918886,9207,47952,44529,0.0033326235023725154,-0.017547784927862,1.0020847550986967,0.6827263639642188,-0.8538993466669913,0.09532846372966064,32.38815423316405,414,173.8726886101613,487,512,18.982523243297,212.9381102250933,409,32.55240528211604,25.0,48.0,1008.0,0,0,1.0,demo
1786918447.03066,10319,45792,43740,-0.007876938944700127,-0.027032557208086345,0.9885024839392259,-0.027125293559282622,-0.5096267030407862,0.6609732220786485,32.36916612384819,452,176.68864018167554,455,508,20.384280164984233,212.98993462300677,438,32.46659750608487,25.0,48.0,1008.0,0,0,1.0,demo
1786918448.1291153,11417,50482,47056,-0.0275679122844364,-0.022156516735253835,0.9897216938966903,0.415011790190774,0.407618538364743,-0.30796799292369603,32.399264990067586,430,179.4486636825644,632,512,21.18384081096451,212.80241368395374,410,32.496146552942484,25.0,48.0,1008.0,0,0,1.0,demo
1786918449.2369316,12525,47953,44553,-0.007985421040358332,-0.00806855752856056,1.035370702025612,-0.9911921396950447,0.11894765787399753,0.192840298097442,32.39022505433641,456,182.20753661264072,483,514,18.240521188031597,212.37863950206165,426,32.48260531343517,25.0,48.0,1008.0,0,0,1.0,demo
1786918450.3539364,13642,45318,43145,0.017059234430705845,0.028335521170979427,1.010137535578995,-0.3304367339925698,0.13360746075981564,0.28544951961811993,32.41727850559593,414,184.96185885287326,413,505,21.420227046596793,211.72574816717838,426,32.527352359759774,25.0,48.0,1008.0,0,0,1.0,demo
1786918451.448142,14736,48683,45649,-0.009749328154017857,-0.014041105281267327,0.9968360634715339,-0.3365708800555477,0.14063048562503225,0.03121890818233923,32.38407666923637,432,187.6309910981977,558,518,19.935957035955084,210.88577237131463,410,32.477704268781174,25.0,48.0,1008.0,0,0,1.0,demo
1786918452.6832438,15971,49350,46154,-0.010850381824542774,-0.024619703457842656,1.0049746272838447,-0.267780516533079,0.44214224268027785,0.5600199445285752,32.392555646339304,430,190.60660573069714,576,512,17.73057516363221,209.73073681218165,437,32.49892563189452,25.0,48.0,1008.0,0,0,1.0,demo
1786918453.7917023,17080,47431,43961,0.014721479232483186,-0.031425646033210304,1.0087591075085762,0.28766715396596915,-0.7954968874000466,0.9850497947875382,32.36637190097298,443,193.24105432309315,441,513,18.668979294075292,208.54158748088196,458,32.487682609452264,25.0,48.0,1008.0,0,0,1.0,demo
1786918526.6099827,1316,46787,43719,-0.0021898229035396282,-0.006272624783851551,0.9985391388811737,-0.2698890078658462,-0.30623572170208685,-0.8413781954344438,32.389052637096675,440,153.4450244162077,442,517,21.411603201703116,206.64218191603183,409,32.517907652861005,25.0,48.0,1008.0,0,0,1.0,demo
1786918527.7984028,2504,49226,45914,0.020565649248995607,0.053105871412267844,1.0168584886884957,-0.017365135532103188,-0.08602198543952891,-0.4283470602320828,32.371523404049974,414,156.55228514419454,574,510,21.487461413123654,208.06678730523757,414,32.46757440972125,25.0,48.0,1008.0,0,0,1.0,demo
1786918528.9896266,3695,47486,44130,-0.014397735988755184,0.0377284577196714,0.9758051142819013,-0.5253085214501934,-0.4045052376507971,0.5994095113074489,32.43169941408231,430,159.66050977635675,448,510,22.129624634967552,209.38777738506116,406,32.560758346626756,25.0,48.0,1008.0,0,0,1.0,demo
1786918530.1852233,4891,49125,45932,0.012022608536260098,-0.04205014879069991,0.9939769763571004,-0.41395732517714223,-0.616597488894581,-0.2736006390295002,32.38722287327469,425,162.77069398186563,564,510,24.031665783847938,210.55953955318796,404,32.45348101370473,25.0,48.0,1008.0,0,0,1.0,demo
1786918531.4117444,6117,46478,43533,0.008645169991196761,-0.022155444851684535,1.0114737259337914,-0.3978475520126737,-0.5016984356533934,0.0034267750411404838,32.376064071942324,453,165.94829603957217,404,514,21.97781461425726,211.5581235023819,390,32.44141438932212,25.0,48.0,1008.0,0,0,1.0,demo
1786918532.7890484,7495,49533,46597,-0.03809648517469872,0.006162859327726506,0.9801635155250225,-0.645955782462166,-0.02708415418542317,-0.22314894706202884,32.40019131674273,442,169.49678039167003,568,511,23.798696103231734,212.388739611678,432,32.52793910997253,25.0,48.0,1008.0,0,0,1.0,demo
1786918534.0301147,8736,46501,43944,0.0033326235023725154,-0.017547784927862,1.0020847550986967,0.6827263639642188,-0.8538993466669913,0.09532846372966064,32.38814959876098,414,172.6726818735177,481,512,18.982523243297,212.8429041147215,409,32.55240064771297,25.0,48.0,1008.0,0,0,1.0,demo
1786918535.2590714,9965,48510,45616,-0.007876938944700127,-0.027032557208086345,0.9885024839392259,-0.027125293559282622,-0.5096267030407862,0.6609732220786485,32.36916264123647,452,175.79402208920897,537,508,20.384280164984233,212.9998808285711,438,32.46659402347315,25.0,48.0,1008.0,0,0,1.0,demo
1786918536.6739082,11380,50357,46865,-0.0275679122844364,-0.022156516735253835,0.9897216938966903,0.415011790190774,0.407618538364743,-0.30796799292369603,32.39926461877872,430,179.35420434807747,625,512,21.18384081096451,212.81275422274985,410,32.49614618165362,25.0,48.0,1008.0,0,0,1.0,demo
1787041175.798169,1505,45274,43255,-0.0021898229035396282,-0.006272624783851551,0.9985391388811737,-0.2698890078658462,-0.30623572170208685,-0.8413781954344438,32.38905449662319,441,153.9402030787739,434,517,21.411603201703116,206.87420507864726,409,32.51790951238752,25.0,48.0,1008.0,0,0,1.0,demo
1787041177.0703409,2777,49127,46088,0.020565649248995607,0.053105871412267844,1.0168584886884957,-0.017365135532103188,-0.08602198543952891,-0.4283470602320828,32.37152608677442,415,157.26535480018646,558,510,21.487461413123654,208.38075318226146,414,32.4675770924457,25.0,48.0,1008.0,0,0,1.0,demo
1787041178.5484738,4255,50489,47010,-0.014397735988755184,0.0377284577196714,0.9758051142819013,-0.5253085214501934,-0.4045052376507971,0.5994095113074489,32.43170491678145,430,161.11846862575626,623,510,22.129624634967552,209.9584154865377,406,32.560763849325895,25.0,48.0,1008.0,0,0,1.0,demo
1787041179.8143759,5521,45624,43497,0.012022608536260098,-0.04205014879069991,0.9939769763571004,-0.41395732517714223,-0.616597488894581,-0.2736006390295002,32.38722906775507,426,164.40533580570892,423,510,24.031665783847938,211.10087615737322,404,32.453487208185116,25.0,48.0,1008.0,0,0,1.0,demo
1787041181.4259067,7133,45895,43956,0.008645169991196761,-0.022155444851684535,1.0114737259337914,-0.3978475520126737,-0.5016984356533934,0.0034267750411404838,32.376074052195484,454,168.56625212307165,450,514,21.97781461425726,212.20246312416583,390,32.44142436957528,25.0,48.0,1008.0,0,0,1.0,demo
1787041182.7753973,8482,46874,43693,-0.03809648517469872,0.006162859327726506,0.9801635155250225,-0.645955782462166,-0.02708415418542317,-0.22314894706202884,32.400201025077536,443,172.02547689398648,403,511,23.798696103231734,212.77384515028632,432,32.52794881830734,25.0,48.0,1008.0,0,0,1.0,demo
1787041184.3949842,10102,46803,43310,0.0033326235023725154,-0.017547784927862,1.0020847550986967,0.6827263639642188,-0.8538993466669913,0.09532846372966064,32.388163030831095,415,176.14038450010804,422,512,18.982523243297,212.99896811318854,409,32.552414079783084,25.0,48.0,1008.0,0,0,1.0,demo
1787041185.746547,11453,50410,47154,-0.007876938944700127,-0.027032557208086345,0.9885024839392259,-0.027125293559282622,-0.5096267030407862,0.6609732220786485,32.36917728108269,453,179.5386611980118,637,508,20.384280164984233,212.79230332969428,438,32.46660866331937,25.0,48.0,1008.0,0,0,1.0,demo
1787041683.8840623,1656,48056,45351,-0.0021898229035396282,-0.006272624783851551,0.9985391388811737,-0.2698890078658462,-0.30623572170208685,-0.8413781954344438,32.38905597613131,441,154.33410945534175,560,517,21.411603201703116,207.05763437061648,409,32.51791099189564,25.0,48.0,1008.0,0,0,1.0,demo
1787041685.2536974,3025,45813,42922,0.020565649248995607,0.053105871412267844,1.0168584886884957,-0.017365135532103188,-0.08602198543952891,-0.4283470602320828,32.371528524196144,415,157.91288288849276,389,510,21.487461413123654,208.66062710375698,414,32.46757952986742,25.0,48.0,1008.0,0,0,1.0,demo
1787041686.517287,4289,50185,46879,-0.014397735988755184,0.0377284577196714,0.9758051142819013,-0.5253085214501934,-0.4045052376507971,0.5994095113074489,32.431705246108244,431,161.20564929144848,612,510,22.129624634967552,209.99139271206283,406,32.56076417865269,25.0,48.0,1008.0,0,0,1.0,demo
1787041687.8850849,5657,48562,45573,0.012022608536260098,-0.04205014879069991,0.9939769763571004,-0.41395732517714223,-0.616597488894581,-0.2736006390295002,32.38723039868429,427,164.75603868541222,544,510,24.031665783847938,211.2095548279858,404,32.45348853911433,25.0,48.0,1008.0,0,0,1.0,demo
1787041689.375059,7147,46165,44161,0.008645169991196761,-0.022155444851684535,1.0114737259337914,-0.3978475520126737,-0.5016984356533934,0.0034267750411404838,32.37607418834403,454,168.60187717787488,463,514,21.97781461425726,212.2100208778737,390,32.44142450572382,25.0,48.0,1008.0,0,0,1.0,demo
1787041690.8976574,8669,45504,43386,-0.03809648517469872,0.006162859327726506,0.9801635155250225,-0.645955782462166,-0.02708415418542317,-0.22314894706202884,32.400202863333405,443,172.502643361745,404,511,23.798696103231734,212.8259520245951,432,32.527950656563206,25.0,48.0,1008.0,0,0,1.0,demo
1787041692.4099069,10181,45803,42731,0.0033326235023725154,-0.017547784927862,1.0020847550986967,0.6827263639642188,-0.8538993466669913,0.09532846372966064,32.388163813828555,415,176.34152302115513,397,512,18.982523243297,212.99673564068226,409,32.552414862780545,25.0,48.0,1008.0,0,0,1.0,demo
1787041693.8460805,11618,48483,45584,-0.007876938944700127,-0.027032557208086345,0.9885024839392259,-0.027125293559282622,-0.5096267030407862,0.6609732220786485,32.369178896420145,453,179.94915545519132,535,508,20.384280164984233,212.74299491923333,438,32.46661027865682,25.0,48.0,1008.0,0,0,1.0,demo
1787041741.4766366,3613,48411,45585,-0.0021898229035396282,-0.006272624783851551,0.9985391388811737,-0.2698890078658462,-0.30623572170208685,-0.8413781954344438,32.389075206606286,445,159.44509621918527,545,517,21.411603201703116,209.3005541261255,409,32.517930222370616,25.0,48.0,1008.0,0,0,1.0,demo
1787041742.590217,4726,45626,43388,0.020565649248995607,0.053105871412267844,1.0168584886884957,-0.017365135532103188,-0.08602198543952891,-0.4283470602320828,32.37154524105218,418,162.34298541311003,427,510,21.487461413123654,210.40889416807275,414,32.46759624672346,25.0,48.0,1008.0,0,0,1.0,demo
1787041743.7139866,5850,50360,46965,-0.014397735988755184,0.0377284577196714,0.9758051142819013,-0.5253085214501934,-0.4045052376507971,0.5994095113074489,32.431720590985215,433,165.2567478899474,618,510,22.129624634967552,211.35993353421603,406,32.56077952352966,25.0,48.0,1008.0,0,0,1.0,demo
1787041744.8305883,6967,45908,43018,0.012022608536260098,-0.04205014879069991,0.9939769763571004,-0.41395732517714223,-0.616597488894581,-0.2736006390295002,32.38724327646158,428,168.1388521621132,382,510,24.031665783847938,212.1091867199358,404,32.453501416891626,25.0,48.0,1008.0,0,0,1.0,demo
1787041746.0725956,8209,50171,47113,0.008645169991196761,-0.022155444851684535,1.0114737259337914,-0.3978475520126737,-0.5016984356533934,0.0034267750411404838,32.37608463022291,455,171.32632956279946,615,514,21.97781461425726,212.68553400897542,390,32.44143494760271,25.0,48.0,1008.0,0,0,1.0,demo
1787041747.4568481,9593,47710,45073,-0.03809648517469872,0.006162859327726506,0.9801635155250225,-0.645955782462166,-0.02708415418542317,-0.22314894706202884,32.4002119465552,444,174.85214662938677,506,511,23.798696103231734,212.9836854180383,432,32.527959739785004,25.0,48.0,1008.0,0,0,1.0,demo
1787041748.6480298,10784,48628,45351,0.0033326235023725154,-0.017547784927862,1.0020847550986967,0.6827263639642188,-0.8538993466669913,0.09532846372966064,32.38816974085473,415,177.86024105923929,534,512,18.982523243297,212.93932913927884,409,32.55242078980672,25.0,48.0,1008.0,0,0,1.0,demo
1787041839.0654843,1609,46900,44605,-0.0021898229035396282,-0.006272624783851551,0.9985391388811737,-0.2698890078658462,-0.30623572170208685,-0.8413781954344438,32.38905552159087,441,154.21309955240704,517,517,21.411603201703116,207.00139858837053,409,32.5179105373552,25.0,48.0,1008.0,0,0,1.0,demo
1787041840.544022,3088,45421,42991,0.020565649248995607,0.053105871412267844,1.0168584886884957,-0.017365135532103188,-0.08602198543952891,-0.4283470602320828,32.37152913970098,415,158.07634399760943,399,510,21.487461413123654,208.73043822300716,414,32.46758014537226,25.0,48.0,1008.0,0,0,1.0,demo
1787041841.8078413,4352,49369,46276,-0.014397735988755184,0.0377284577196714,0.9758051142819013,-0.5253085214501934,-0.4045052376507971,0.5994095113074489,32.43170586395756,431,161.36918454434687,572,510,22.129624634967552,210.05288705439864,406,32.560764796502006,25.0,48.0,1008.0,0,0,1.0,demo
1787041843.0730588,5617,47524,44914,0.012022608536260098,-0.04205014879069991,0.9939769763571004,-0.41395732517714223,-0.616597488894581,-0.2736006390295002,32.38723000833879,427,164.65320133598283,508,510,24.031665783847938,211.1779697986265,404,32.453488148768834,25.0,48.0,1008.0,0,0,1.0,demo
1787041844.6794357,7223,48057,45413,0.008645169991196761,-0.022155444851684535,1.0114737259337914,-0.3978475520126737,-0.5016984356533934,0.0034267750411404838,32.37607494228273,454,168.79910973985733,535,514,21.97781461425726,212.2512540276835,390,32.44142525966252,25.0,48.0,1008.0,0,0,1.0,demo
1787041846.027547,8571,45729,43009,-0.03809648517469872,0.006162859327726506,0.9801635155250225,-0.645955782462166,-0.02708415418542317,-0.22314894706202884,32.40020190173681,443,172.25310407404797,372,511,23.798696103231734,212.7995340092596,432,32.52794969496661,25.0,48.0,1008.0,0,0,1.0,demo
1787041847.6207204,10164,45987,42793,0.0033326235023725154,-0.017547784927862,1.0020847550986967,0.6827263639642188,-0.8538993466669913,0.09532846372966064,32.38816364789341,415,176.298906827909,399,512,18.982523243297,212.99731321397115,409,32.552414696845396,25.0,48.0,1008.0,0,0,1.0,demo
1787041848.9515703,11495,50046,46994,-0.007876938944700127,-0.027032557208086345,0.9885024839392259,-0.027125293559282622,-0.5096267030407862,0.6609732220786485,32.36917769451244,453,179.6437761920818,623,508,20.384280164984233,212.78017574060857,438,32.466609076749116,25.0,48.0,1008.0,0,0,1.0,demo
1787041864.2124608,3410,50417,47042,-0.0021898229035396282,-0.006272624783851551,0.9985391388811737,-0.2698890078658462,-0.30623572170208685,-0.8413781954344438,32.389073213639755,444,158.9163899463759,646,517,21.411603201703116,209.08350915651886,409,32.517928229404085,25.0,48.0,1008.0,0,0,1.0,demo
1787041865.3770692,4574,46312,43147,0.020565649248995607,0.053105871412267844,1.0168584886884957,-0.017365135532103188,-0.08602198543952891,-0.4283470602320828,32.371543749339494,418,161.94856928735038,397,510,21.487461413123654,210.26683918779472,414,32.46759475501077,25.0,48.0,1008.0,0,0,1.0,demo
1787041866.5447903,5742,50306,46623,-0.014397735988755184,0.0377284577196714,0.9758051142819013,-0.5253085214501934,-0.4045052376507971,0.5994095113074489,32.431719531097016,433,164.97769885244963,611,510,22.129624634967552,211.27682764848106,406,32.56077846364146,25.0,48.0,1008.0,0,0,1.0,demo
1787041867.706528,6904,46750,43551,0.012022608536260098,-0.04205014879069991,0.9939769763571004,-0.41395732517714223,-0.616597488894581,-0.2736006390295002,32.387242660154456,428,167.97742272857846,406,510,24.031665783847938,212.07271433584268,404,32.4535008005845,25.0,48.0,1008.0,0,0,1.0,demo
1787041869.0002759,8198,50243,47130,0.008645169991196761,-0.022155444851684535,1.0114737259337914,-0.3978475520126737,-0.5016984356533934,0.0034267750411404838,32.376084522546506,455,171.29831726028988,617,514,21.97781461425726,212.68170204633435,390,32.4414348399263,25.0,48.0,1008.0,0,0,1.0,demo
1787041870.430981,9628,48613,45646,-0.03809648517469872,0.006162859327726506,0.9801635155250225,-0.645955782462166,-0.02708415418542317,-0.22314894706202884,32.40021229566012,444,174.94216138421393,538,511,23.798696103231734,212.98640892071657,432,32.52796008888992,25.0,48.0,1008.0,0,0,1.0,demo
1787041871.6636083,10861,47626,44139,0.0033326235023725154,-0.017547784927862,1.0020847550986967,0.6827263639642188,-0.8538993466669913,0.09532846372966064,32.38817049762672,415,178.05365453136343,465,512,18.982523243297,212.92686352302056,409,32.55242154657871,25.0,48.0,1008.0,0,0,1.0,demo
1787042000.028039,1538,45573,43599,-0.0021898229035396282,-0.006272624783851551,0.9985391388811737,-0.2698890078658462,-0.30623572170208685,-0.8413781954344438,32.389054825760795,441,154.02783924407973,457,517,21.411603201703116,206.91510612361978,409,32.517909841525125,25.0,48.0,1008.0,0,0,1.0,demo
1787042001.3803306,2891,47592,44291,0.020565649248995607,0.053105871412267844,1.0168584886884957,-0.017365135532103188,-0.08602198543952891,-0.4283470602320828,32.37152720322634,415,157.56199455760859,455,510,21.487461413123654,208.50961216674293,414,32.46757820889762,25.0,48.0,1008.0,0,0,1.0,demo
1787042002.750762,4261,50446,46998,-0.014397735988755184,0.0377284577196714,0.9758051142819013,-0.5253085214501934,-0.4045052376507971,0.5994095113074489,32.43170497495381,430,161.1338688869927,621,510,22.129624634967552,209.96425061683038,406,32.560763907498256,25.0,48.0,1008.0,0,0,1.0,demo
1787042004.005743,5516,45571,43441,0.012022608536260098,-0.04205014879069991,0.9939769763571004,-0.41395732517714223,-0.616597488894581,-0.2736006390295002,32.38722901859198,426,164.39237762209942,419,510,24.031665783847938,211.09680848942625,404,32.453487159022025,25.0,48.0,1008.0,0,0,1.0,demo
1787042005.419405,6930,46139,43280,0.008645169991196761,-0.022155444851684535,1.0114737259337914,-0.3978475520126737,-0.5016984356533934,0.0034267750411404838,32.37607205781617,454,168.04411288519177,392,514,21.97781461425726,212.08786392017166,390,32.44142237519596,25.0,48.0,1008.0,0,0,1.0,demo
1787042006.9141161,8425,47668,44523,-0.03809648517469872,0.006162859327726506,0.9801635155250225,-0.645955782462166,-0.02708415418542317,-0.22314894706202884,32.40020045824016,443,171.87823070523152,447,511,23.798696103231734,212.75642287933857,432,32.52794825146996,25.0,48.0,1008.0,0,0,1.0,demo
1787042008.329843,9840,50253,46780,0.0033326235023725154,-0.017547784927862,1.0020847550986967,0.6827263639642188,-0.8538993466669913,0.09532846372966064,32.38816045912367,415,175.47895008805222,624,512,18.982523243297,212.99749688037383,409,32.55241150807566,25.0,48.0,1008.0,0,0,1.0,demo
1787042009.8186388,11329,49797,46450,-0.007876938944700127,-0.027032557208086345,0.9885024839392259,-0.027125293559282622,-0.5096267030407862,0.6609732220786485,32.36917605873732,453,179.22766680836378,609,508,20.384280164984233,212.82617117867994,438,32.466607440973995,25.0,48.0,1008.0,0,0,1.0,demo
1787042027.205282,3308,49063,45992,-0.0021898229035396282,-0.006272624783851551,0.9985391388811737,-0.2698890078658462,-0.30623572170208685,-0.8413781954344438,32.389072213166195,444,158.65087796454642,595,517,21.411603201703116,208.97297398710492,409,32.517927228930525,25.0,48.0,1008.0,0,0,1.0,demo
1787042028.3678195,4471,47755,44482,0.020565649248995607,0.053105871412267844,1.0168584886884957,-0.017365135532103188,-0.08602198543952891,-0.4283470602320828,32.37154272838131,417,161.67850991908102,466,510,21.487461413123654,210.16788189532798,414,32.467593734052585,25.0,48.0,1008.0,0,0,1.0,demo
1787042029.5266638,5629,47894,45016,-0.014397735988755184,0.0377284577196714,0.9758051142819013,-0.5253085214501934,-0.4045052376507971,0.5994095113074489,32.4317184227517,433,164.68576067290434,525,510,22.129624634967552,211.18799547373942,406,32.560777355296146,25.0,48.0,1008.0,0,0,1.0,demo
1787042030.687157,6790,48321,45295,0.012022608536260098,-0.04205014879069991,0.9939769763571004,-0.41395732517714223,-0.616597488894581,-0.2736006390295002,32.387241539428906,428,167.68374415555496,501,510,24.031665783847938,212.00463519686997,404,32.45349967985895,25.0,48.0,1008.0,0,0,1.0,demo
1787042031.967188,8070,49346,46244,0.008645169991196761,-0.022155444851684535,1.0114737259337914,-0.3978475520126737,-0.5016984356533934,0.0034267750411404838,32.37608326679259,455,170.97149833166878,579,514,21.97781461425726,212.63533676831196,390,32.44143358417239,25.0,48.0,1008.0,0,0,1.0,demo
1787042033.3832378,9486,45624,43527,-0.03809648517469872,0.006162859327726506,0.9801635155250225,-0.645955782462166,-0.02708415418542317,-0.22314894706202884,32.40021089559146,444,174.58103002931102,414,511,23.798696103231734,212.9739880244386,432,32.52795868882126,25.0,48.0,1008.0,0,0,1.0,demo
1787042034.6155827,10718,49511,46257,0.0033326235023725154,-0.017547784927862,1.0020847550986967,0.6827263639642188,-0.8538993466669913,0.09532846372966064,32.38816909458429,415,177.6949783707316,589,512,18.982523243297,212.94905653342934,409,32.55242014353628,25.0,48.0,1008.0,0,0,1.0,demo
1787042035.8556204,11958,45529,43485,-0.007876938944700127,-0.027032557208086345,0.9885024839392259,-0.027125293559282622,-0.5096267030407862,0.6609732220786485,32.369182248764574,453,180.79926333584214,439,508,20.384280164984233,212.62426648975557,438,32.46661363100125,25.0,48.0,1008.0,0,0,1.0,demo
1787042120.378349,1502,45257,43226,-0.0021898229035396282,-0.006272624783851551,0.9985391388811737,-0.2698890078658462,-0.30623572170208685,-0.8413781954344438,32.38905446389314,441,153.9314881921821,432,517,21.411603201703116,206.87013493916635,409,32.51790947965747,25.0,48.0,1008.0,0,0,1.0,demo
1787042121.8299978,2953,46730,43440,0.020565649248995607,0.053105871412267844,1.0168584886884957,-0.017365135532103188,-0.08602198543952891,-0.4283470602320828,32.37152781760666,415,157.7252045732741,411,510,21.487461413123654,208.58004795607718,414,32.46757882327794,25.0,48.0,1008.0,0,0,1.0,demo
1787042123.0809548,4204,50608,46929,-0.014397735988755184,0.0377284577196714,0.9758051142819013,-0.5253085214501934,-0.4045052376507971,0.5994095113074489,32.43170441526874,430,160.9856891895311,624,510,22.129624634967552,209.9079325416302,406,32.560763347813186,25.0,48.0,1008.0,0,0,1.0,demo
1787042124.3304822,5454,45386,42979,0.012022608536260098,-0.04205014879069991,0.9939769763571004,-0.41395732517714223,-0.616597488894581,-0.2736006390295002,32.38722840522388,426,164.23068756258854,387,510,24.031665783847938,211.04574372171837,404,32.453486545653924,25.0,48.0,1008.0,0,0,1.0,demo
1787042125.9105988,7034,45126,42997,0.008645169991196761,-0.022155444851684535,1.0114737259337914,-0.3978475520126737,-0.5016984356533934,0.0034267750411404838,32.37607308071559,454,168.31197946645557,387,514,21.97781461425726,212.14754770234,390,32.44142339809539,25.0,48.0,1008.0,0,0,1.0,demo
1787042127.2197993,8343,48770,45847,-0.03809648517469872,0.006162859327726506,0.9801635155250225,-0.645955782462166,-0.02708415418542317,-0.22314894706202884,32.40019965730578,443,171.67008709612952,522,511,23.798696103231734,212.73072122806275,432,32.52794745053558,25.0,48.0,1008.0,0,0,1.0,demo
1787042128.5351274,9658,49360,45812,0.0033326235023725154,-0.017547784927862,1.0020847550986967,0.6827263639642188,-0.8538993466669913,0.09532846372966064,32.38815867076231,415,175.0182722130211,587,512,18.982523243297,212.98851841848068,409,32.5524097197143,25.0,48.0,1008.0,0,0,1.0,demo
1787042130.1089437,11232,47626,45045,-0.007876938944700127,-0.027032557208086345,0.9885024839392259,-0.027125293559282622,-0.5096267030407862,0.6609732220786485,32.369175106287564,452,178.98512276300136,533,508,20.384280164984233,212.85049458440375,438,32.46660648852424,25.0,48.0,1008.0,0,0,1.0,demo
1787043305.785939,1477,45203,43059,-0.0021898229035396282,-0.006272624783851551,0.9985391388811737,-0.2698890078658462,-0.30623572170208685,-0.8413781954344438,32.389054225462836,441,153.86800140642066,420,517,21.411603201703116,206.84046955234032,409,32.517909241227166,25.0,48.0,1008.0,0,0,1.0,demo
1787043307.040181,2732,49752,46643,0.020565649248995607,0.053105871412267844,1.0168584886884957,-0.017365135532103188,-0.08602198543952891,-0.4283470602320828,32.37152563939413,415,157.14646720467601,593,510,21.487461413123654,208.32881231345397,414,32.46757664506541,25.0,48.0,1008.0,0,0,1.0,demo
1787043308.499155,4191,50550,46850,-0.014397735988755184,0.0377284577196714,0.9758051142819013,-0.5253085214501934,-0.4045052376507971,0.5994095113074489,32.43170428103999,430,160.95014760524657,621,510,22.129624634967552,209.8943672131354,406,32.56076321358444,25.0,48.0,1008.0,0,0,1.0,demo
1787043309.755429,5447,45414,42958,0.012022608536260098,-0.04205014879069991,0.9939769763571004,-0.41395732517714223,-0.616597488894581,-0.2736006390295002,32.38722833728799,426,164.2127765580546,385,510,24.031665783847938,211.04005200606485,404,32.45348647771804,25.0,48.0,1008.0,0,0,1.0,demo
1787043311.0647144,6756,48541,45842,0.008645169991196761,-0.022155444851684535,1.0114737259337914,-0.3978475520126737,-0.5016984356533934,0.0034267750411404838,32.376070350324575,454,167.59666787316658,532,514,21.97781461425726,211.9840240806584,390,32.44142066770437,25.0,48.0,1008.0,0,0,1.0,demo
1787043312.648273,8340,48817,45899,-0.03809648517469872,0.006162859327726506,0.9801635155250225,-0.645955782462166,-0.02708415418542317,-0.22314894706202884,32.400199624025284,443,171.66143611616067,525,511,23.798696103231734,212.72962584666706,432,32.527947417255085,25.0,48.0,1008.0,0,0,1.0,demo
1787043313.9693778,9661,49412,45846,0.0033326235023725154,-0.017547784927862,1.0020847550986967,0.6827263639642188,-0.8538993466669913,0.09532846372966064,32.388158694282744,415,175.02433478907437,588,512,18.982523243297,212.98867882745597,409,32.55240974323473,25.0,48.0,1008.0,0,0,1.0,demo
1787043315.5519257,11243,47903,45221,-0.007876938944700127,-0.027032557208086345,0.9885024839392259,-0.027125293559282622,-0.5096267030407862,0.6609732220786485,32.36917521569165,452,179.0129924594963,543,508,20.384280164984233,212.8477928763063,438,32.466606597928326,25.0,48.0,1008.0,0,0,1.0,demo
1787043364.7361746,1476,45204,43052,-0.0021898229035396282,-0.006272624783851551,0.9985391388811737,-0.2698890078658462,-0.30623572170208685,-0.8413781954344438,32.38905421309278,441,153.86470758507397,420,517,21.411603201703116,206.83892973926294,409,32.51790922885711,25.0,48.0,1008.0,0,0,1.0,demo
1787043365.9808483,2721,49893,46747,0.020565649248995607,0.053105871412267844,1.0168584886884957,-0.017365135532103188,-0.08602198543952891,-0.4283470602320828,32.371525533004984,414,157.11819358167236,600,510,21.487461413123654,208.31643533118043,414,32.46757653867626,25.0,48.0,1008.0,0,0,1.0,demo
1787043367.4170141,4157,50232,46563,-0.014397735988755184,0.0377284577196714,0.9758051142819013,-0.5253085214501934,-0.4045052376507971,0.5994095113074489,32.43170395048205,430,160.86261505761144,608,510,22.129624634967552,209.86086459388744,406,32.5607628830265,25.0,48.0,1008.0,0,0,1.0,demo
1787043368.6791153,5419,45607,42935,0.012022608536260098,-0.04205014879069991,0.9939769763571004,-0.41395732517714223,-0.616597488894581,-0.2736006390295002,32.38722806395848,426,164.14070956967535,380,510,24.031665783847938,211.01708034758968,404,32.453486204388525,25.0,48.0,1008.0,0,0,1.0,demo
1787043369.987701,6728,48943,46258,0.008645169991196761,-0.022155444851684535,1.0114737259337914,-0.3978475520126737,-0.5016984356533934,0.0034267750411404838,32.37607007007562,454,167.52319330549753,557,514,21.97781461425726,211.96648200194903,390,32.441420387455416,25.0,48.0,1008.0,0,0,1.0,demo
1787043371.5621939,8302,49342,46430,-0.03809648517469872,0.006162859327726506,0.9801635155250225,-0.645955782462166,-0.02708415418542317,-0.22314894706202884,32.40019925459094,443,171.5653931627009,558,511,23.798696103231734,212.7173197090239,432,32.52794704782074,25.0,48.0,1008.0,0,0,1.0,demo
1787043372.8891172,9629,48671,45370,0.0033326235023725154,-0.017547784927862,1.0020847550986967,0.6827263639642188,-0.8538993466669913,0.09532846372966064,32.3881583820115,415,174.94383631480582,563,512,18.982523243297,212.9864572502561,409,32.552409430963486,25.0,48.0,1008.0,0,0,1.0,demo
1787043374.480618,11221,47340,44860,-0.007876938944700127,-0.027032557208086345,0.9885024839392259,-0.027125293559282622,-0.5096267030407862,0.6609732220786485,32.369174991419875,452,178.95585857921498,522,508,20.384280164984233,212.85330542624345,438,32.46660637365655,25.0,48.0,1008.0,0,0,1.0,demo
1787043425.4566362,3463,50282,47117,-0.0021898229035396282,-0.006272624783851551,0.9985391388811737,-0.2698890078658462,-0.30623572170208685,-0.8413781954344438,32.38907373306099,444,159.05421116045116,644,517,21.411603201703116,209.14048571191262,409,32.51792874882532,25.0,48.0,1008.0,0,0,1.0,demo
1787043426.5703964,4576,46285,43132,0.020565649248995607,0.053105871412267844,1.0168584886884957,-0.017365135532103188,-0.08602198543952891,-0.4283470602320828,32.37154376908792,418,161.95379215903642,396,510,21.487461413123654,210.26873956960722,414,32.4675947747592,25.0,48.0,1008.0,0,0,1.0,demo
1787043427.6824205,5688,49372,45958,-0.014397735988755184,0.0377284577196714,0.9758051142819013,-0.5253085214501934,-0.4045052376507971,0.5994095113074489,32.43171900338408,433,164.83871584113336,577,510,22.129624634967552,211.2347762926006,406,32.56077793592853,25.0,48.0,1008.0,0,0,1.0,demo
1787043428.8047566,6811,48037,44946,0.012022608536260098,-0.04205014879069991,0.9939769763571004,-0.41395732517714223,-0.616597488894581,-0.2736006390295002,32.387241745032576,428,167.73763337035385,481,510,24.031665783847938,212.01729367701415,404,32.45349988546262,25.0,48.0,1008.0,0,0,1.0,demo
1787043430.040796,8047,48843,45912,0.008645169991196761,-0.022155444851684535,1.0114737259337914,-0.3978475520126737,-0.5016984356533934,0.0034267750411404838,32.376083039903214,455,170.91242312991713,562,514,21.97781461425726,212.62663107602492,390,32.44143335728301,25.0,48.0,1008.0,0,0,1.0,demo
1787043431.4488058,9455,45410,43236,-0.03809648517469872,0.006162859327726506,0.9801635155250225,-0.645955782462166,-0.02708415418542317,-0.22314894706202884,32.40021058960257,444,174.50205734714226,394,511,23.798696103231734,212.97074205952387,432,32.527958382832374,25.0,48.0,1008.0,0,0,1.0,demo
1787043432.6312284,10637,50438,46865,0.0033326235023725154,-0.017547784927862,1.0020847550986967,0.6827263639642188,-0.8538993466669913,0.09532846372966064,32.388168297576,415,177.49105486062138,631,512,18.982523243297,212.95988650187212,409,32.55241934652799,25.0,48.0,1008.0,0,0,1.0,demo
1787043433.815216,11821,45869,43055,-0.007876938944700127,-0.027032557208086345,0.9885024839392259,-0.027125293559282622,-0.5096267030407862,0.6609732220786485,32.36918090032758,453,180.45761340866767,401,508,20.384280164984233,212.67466987450499,438,32.466612282564256,25.0,48.0,1008.0,0,0,1.0,demo
1787043551.0746367,1472,45207,43031,-0.0021898229035396282,-0.006272624783851551,0.9985391388811737,-0.2698890078658462,-0.30623572170208685,-0.8413781954344438,32.38905417367536,441,153.85421173704356,418,517,21.411603201703116,206.83402261812626,409,32.51790918943969,25.0,48.0,1008.0,0,0,1.0,demo
1787043552.3297853,2727,49810,46686,0.020565649248995607,0.053105871412267844,1.0168584886884957,-0.017365135532103188,-0.08602198543952891,-0.4283470602320828,32.371525596508604,415,157.13507016393066,596,510,21.487461413123654,208.32382430290468,414,32.46757660217988,25.0,48.0,1008.0,0,0,1.0,demo
1787043553.5799406,3977,46214,43869,-0.014397735988755184,0.0377284577196714,0.9758051142819013,-0.5253085214501934,-0.4045052376507971,0.5994095113074489,32.431702185976526,430,160.3952232359895,458,510,22.129624634967552,209.67975440874153,406,32.56076111852097,25.0,48.0,1008.0,0,0,1.0,demo
1787043555.0277877,5425,45554,42931,0.012022608536260098,-0.04205014879069991,0.9939769763571004,-0.41395732517714223,-0.616597488894581,-0.2736006390295002,32.3872281248803,426,164.15677309464203,381,510,24.031665783847938,211.02221041556047,404,32.453486265310346,25.0,48.0,1008.0,0,0,1.0,demo
1787043556.3362567,6734,48857,46174,0.008645169991196761,-0.022155444851684535,1.0114737259337914,-0.3978475520126737,-0.5016984356533934,0.0034267750411404838,32.376070129860366,454,167.53886827431472,552,514,21.97781461425726,211.97023594436072,390,32.44142044724016,25.0,48.0,1008.0,0,0,1.0,demo
1787043557.9238625,8321,49073,46171,-0.03809648517469872,0.006162859327726506,0.9801635155250225,-0.645955782462166,-0.02708415418542317,-0.22314894706202884,32.40019944331413,443,171.61445875990387,542,511,23.798696103231734,212.7236398428327,432,32.52794723654393,25.0,48.0,1008.0,0,0,1.0,demo
1787043559.243558,9641,48962,45555,0.0033326235023725154,-0.017547784927862,1.0020847550986967,0.6827263639642188,-0.8538993466669913,0.09532846372966064,32.38815849968603,415,174.97417296613605,573,512,18.982523243297,212.98731775262024,409,32.55240954863802,25.0,48.0,1008.0,0,0,1.0,demo
1787043560.5661845,10964,46141,43190,-0.007876938944700127,-0.027032557208086345,0.9885024839392259,-0.027125293559282622,-0.5096267030407862,0.6609732220786485,32.3691724646528,452,178.3114389610381,406,508,20.384280164984233,212.90843585964146,438,32.46660384688948,25.0,48.0,1008.0,0,0,1.0,demo
1787067892.553624,2254,45316,42939,-0.0021898229035396282,-0.006272624783851551,0.9985391388811737,-0.2698890078658462,-0.30623572170208685,-0.8413781954344438,32.389061861050735,442,155.90012544873284,410,517,21.411603201703116,207.77482045069064,409,32.517916876815065,25.0,48.0,1008.0,0,0,1.0,demo
1787067893.639322,3340,49927,46386,0.020565649248995607,0.053105871412267844,1.0168584886884957,-0.017365135532103188,-0.08602198543952891,-0.4283470602320828,32.3715316198228,416,158.73475964327773,598,510,21.487461413123654,209.00800306714387,414,32.467582625494074,25.0,48.0,1008.0,0,0,1.0,demo
1787067894.6748948,4376,49029,45945,-0.014397735988755184,0.0377284577196714,0.9758051142819013,-0.5253085214501934,-0.4045052376507971,0.5994095113074489,32.43170610123531,431,161.4319798597158,551,510,22.129624634967552,210.0763724863979,406,32.56076503377975,25.0,48.0,1008.0,0,0,1.0,demo
1787067895.701515,5402,45772,42970,0.012022608536260098,-0.04205014879069991,0.9939769763571004,-0.41395732517714223,-0.616597488894581,-0.2736006390295002,32.38722790044908,426,164.09759443279214,380,510,24.031665783847938,211.00328344604245,404,32.45348604087913,25.0,48.0,1008.0,0,0,1.0,demo
1787067896.7751663,6476,49079,46066,0.008645169991196761,-0.022155444851684535,1.0114737259337914,-0.3978475520126737,-0.5016984356533934,0.0034267750411404838,32.37606759706519,453,166.87440041102332,570,514,21.97781461425726,211.80566737244723,390,32.44141791444498,25.0,48.0,1008.0,0,0,1.0,demo
1787067897.8364758,7537,48935,46027,-0.03809648517469872,0.006162859327726506,0.9801635155250225,-0.645955782462166,-0.02708415418542317,-0.22314894706202884,32.400191735704404,442,169.6061928944299,533,511,23.798696103231734,212.40910426981642,432,32.527939528934205,25.0,48.0,1008.0,0,0,1.0,demo
1787067898.9142728,8615,45459,42744,0.0033326235023725154,-0.017547784927862,1.0020847550986967,0.6827263639642188,-0.8538993466669913,0.09532846372966064,32.38814841241225,414,172.36492276456252,403,512,18.982523243297,212.81159798400296,409,32.55239946136424,25.0,48.0,1008.0,0,0,1.0,demo
1787067899.9735558,9674,49570,46293,-0.007876938944700127,-0.027032557208086345,0.9885024839392259,-0.027125293559282622,-0.5096267030407862,0.6609732220786485,32.36915978618093,452,175.05892742514396,601,508,20.384280164984233,212.98957258299387,438,32.46659116841761,25.0,48.0,1008.0,0,0,1.0,demo
1787067901.0792606,10780,48510,45601,-0.0275679122844364,-0.022156516735253835,0.9897216938966903,0.415011790190774,0.407618538364743,-0.30796799292369603,32.39925872291027,430,177.85040549106333,533,512,21.18384081096451,212.93993188712614,410,32.49614028578517,25.0,48.0,1008.0,0,0,1.0,demo
1787067902.1377888,11839,45922,42894,-0.007985421040358332,-0.00806855752856056,1.035370702025612,-0.9911921396950447,0.11894765787399753,0.192840298097442,32.390218301588774,456,180.50094856026635,400,514,18.240521188031597,212.66847639730904,426,32.482598560687535,25.0,48.0,1008.0,0,0,1.0,demo
1787067903.1893103,12890,46790,44476,0.017059234430705845,0.028335521170979427,1.010137535578995,-0.3304367339925698,0.13360746075981564,0.28544951961811993,32.41727110781346,414,183.11076132743716,496,505,21.420227046596793,212.1893665518633,426,32.527344961977306,25.0,48.0,1008.0,0,0,1.0,demo
1787067904.2747087,13976,50553,47015,-0.009749328154017857,-0.014041105281267327,0.9968360634715339,-0.3365708800555477,0.14063048562503225,0.03121890818233923,32.38406918388944,432,185.77831598432488,627,518,19.935957035955084,211.48976099417217,410,32.47769678343424,25.0,48.0,1008.0,0,0,1.0,demo
1787067905.332956,15034,49566,46348,-0.010850381824542774,-0.024619703457842656,1.0049746272838447,-0.267780516533079,0.44214224268027785,0.5600199445285752,32.39254641973753,431,188.35134686591888,588,512,17.73057516363221,210.6262729489504,437,32.498916405292746,25.0,48.0,1008.0,0,0,1.0,demo
1787067906.3949444,16096,47913,44517,0.014721479232483186,-0.031425646033210304,1.0087591075085762,0.28766715396596915,-0.7954968874000466,0.9850497947875382,32.366362215907536,444,190.9038800913741,472,513,18.668979294075292,209.603832893364,458,32.48767292438682,25.0,48.0,1008.0,0,0,1.0,demo
1787067907.4504654,17151,46384,43438,0.0034631068090009067,-0.016923799595773618,1.0081184809747086,0.6852446383545129,0.3428752936822254,1.104082728371336,32.41299323400758,436,193.40954448133107,407,514,22.434681100420274,208.46090401771235,432,32.534089829000706,25.0,48.0,1008.0,0,0,1.0,demo
1787067908.5095446,18210,45537,42896,-0.025088362647376163,-0.00865879702509258,1.0141326741000762,-0.23876000651810853,-0.08421164092249027,-0.4605448447971076,32.41792262552664,449,195.8903397225469,394,511,23.395320115552735,207.21875734744438,427,32.504044717455976,25.0,48.0,1008.0,0,0,1.0,demo
1787067909.6292367,19330,45975,43736,0.007967895941966795,-0.0072673944818971,1.0185142465838142,0.5027423945659192,-0.6614699003311436,0.5775689745334315,32.3756361427192,427,198.47471313334995,461,512,21.226937930141244,205.8396382284947,432,32.488405393006595,25.0,48.0,1008.0,0,0,1.0,demo
1787067910.6905196,20391,47392,44739,-0.02952333896363704,-0.01742138512894041,0.9890576165357517,0.5148781822697279,0.04720595866911512,0.4749078999430189,32.380740796487,415,200.8858588755406,525,522,20.73974225617252,204.50785099195224,417,32.50364202767781,25.0,48.0,1008.0,0,0,1.0,demo
1787067911.7562687,21457,49196,45888,-0.015365215165972253,-0.028643770578075864,0.9858820881676341,-0.4078001675566966,-0.2957014681762842,-0.7380513143051729,32.37369999494955,427,203.2676210140499,573,504,20.004099230237898,203.18424287394177,405,32.45334543620582,25.0,48.0,1008.0,0,0,1.0,demo
1787067912.821599,22522,50249,46797,0.019410268589857442,-0.015933387493413966,1.0018249557890668,-0.9917983108448227,0.05128283019553793,-1.0869527252349032,32.38231482383068,441,205.60700659683994,622,512,20.308866542831733,201.91188870164592,452,32.49336243092693,25.0,48.0,1008.0,0,0,1.0,demo
1787067913.8939087,23595,50273,46937,0.011679695195225213,-0.005213977091431633,0.9915550982967833,-0.06718436047614744,1.066938873312226,-0.5146096620008276,32.384599841643386,424,207.91803653649242,619,511,20.98463838608066,200.71839867126732,406,32.50710013992014,25.0,48.0,1008.0,0,0,1.0,demo
1787067914.9521022,24653,49246,46078,-0.014804092514815563,0.01302038637262215,0.9594995215956069,0.13161952729182771,-0.04007560966162106,0.21383267885907326,32.36204713881278,417,210.15390641522154,553,510,21.360625543612038,199.65929071069982,418,32.452101809491104,25.0,48.0,1008.0,0,0,1.0,demo
1787067916.0153065,25716,47128,43822,-0.021961818644316483,0.040237338203569215,1.0276373895508075,-0.09609203515594501,-0.2324350032335103,-0.022724903247257976,32.366386329034334,415,212.3538686619707,439,518,21.601008407040826,198.74347728760293,437,32.445774411856135,25.0,48.0,1008.0,0,0,1.0,demo
1787067917.070335,26771,45283,43059,-0.007220198739075776,0.00220025451912877,0.9985342876709935,0.311293271836739,0.45259819429218734,-0.4196242757106966,32.365395145036416,432,214.48916706332926,399,505,16.184642098953205,198.0067467511555,419,32.45228850095941,25.0,48.0,1008.0,0,0,1.0,demo
1787067918.131979,27833,49154,45880,0.005265906706914331,-0.02528012003506383,1.0173037366679023,-0.14437182686118324,0.459633568538326,-0.17022304138492364,32.40659833181513,405,216.58819252253664,571,514,18.982290063885557,197.4588625040327,436,32.49359220169898,25.0,48.0,1008.0,0,0,1.0,demo
1787067919.1912491,28892,49261,46221,0.017688545658731954,-0.04106008383008326,1.0319873377715159,0.25820726759318463,-0.11000709377372606,0.13976180047540285,32.41253458982281,416,218.63126227361215,576,516,20.3561587708458,197.1207258601728,431,32.542132038131236,25.0,48.0,1008.0,0,0,1.0,demo
1787067920.2503579,29951,45536,43047,-0.021929465900171037,0.016969302238262145,0.9648860354263704,-0.6318771565150557,0.04525240066518364,-0.6872292495061582,32.40338869707748,424,220.62125582602727,396,513,22.965093620107595,197.00023000302076,426,32.52753176962437,25.0,48.0,1008.0,0,0,1.0,demo
1787067921.3129885,31014,50590,46956,-0.015569663043318286,-0.038534559017537225,0.9986399426503235,0.511143619827591,-1.4671227641863638,0.6384529357453066,32.389651765072664,403,222.56330328642971,633,511,19.883074990497146,197.10133551213505,441,32.49331274110094,25.0,48.0,1008.0,0,0,1.0,demo
1787067922.3782368,32079,45849,42894,0.01698780462674594,0.006523601007928369,1.0158117221009144,-0.07781132129779976,-0.19627322585832568,-0.41052841047214766,32.39474119722374,391,224.45377042509614,386,514,21.633212452056885,197.42305402025158,419,32.472833012135055,25.0,48.0,1008.0,0,0,1.0,demo
1787067923.4337022,33135,50732,47091,0.00807959198735729,-0.0054361338723848416,1.018801246231865,0.37292085024196936,-0.6168282096006654,1.036416127979362,32.412839777828495,416,226.26977331508496,635,512,21.91539970270887,197.95060383070944,460,32.51274281967708,25.0,48.0,1008.0,0,0,1.0,demo
1787067924.6748712,34376,49053,45940,-0.026307364770138477,0.04047528880935764,0.9953687441652583,-1.0257416104978148,0.6450602055679309,0.4951731421997508,32.417726470774156,395,228.3306910704286,580,517,19.706312704768727,198.81690408243978,426,32.51417757887286,25.0,48.0,1008.0,0,0,1.0,demo
1787067925.7369528,35438,46473,43207,0.011737953836003668,0.00406183573858501,1.017553358085187,0.7093439804834346,-0.1397852619960607,-0.6436693192465405,32.36229108863707,415,230.02866129502954,402,514,16.579798342679606,199.74572217635136,411,32.43060087747373,25.0,48.0,1008.0,0,0,1.0,demo
1787067926.818396,36519,50128,46895,-0.01122418004267897,0.019561473089831354,0.9951907433403875,-1.0685792997258543,-0.021784125697166236,-0.5697470963040864,32.401472392704605,420,231.6940068067297,612,514,17.70932704372249,200.84120759861824,409,32.49111010503253,25.0,48.0,1008.0,0,0,1.0,demo
1787067927.9238555,37625,48036,45151,0.025346535802963706,0.014062865525142248,0.9657639424560257,-0.513892887979478,0.5778324808863038,0.08377681333887474,32.35620192881765,409,233.32864860927145,546,514,19.926463282659792,202.08449714416574,417,32.44592812177307,25.0,48.0,1008.0,0,0,1.0,demo
1787067929.1160753,38817,45587,42981,-0.01221290364823968,0.027263750668115184,1.049708231451933,-0.8042520384350841,-1.1871733356509888,-0.33681443799619754,32.39451589538366,404,235.01332407806035,406,506,21.712464911577023,203.52248621762178,412,32.48190412847069,25.0,48.0,1008.0,0,0,1.0,demo
1787067930.1706386,39872,49369,46065,0.0021600840835043897,-0.005565794243804006,1.0174993697814514,-0.5566145552335325,-0.47871519053534206,-1.0665031644253298,32.38157211748464,407,236.4345109700369,575,508,19.60231729269568,204.83916905520815,428,32.488128995528356,25.0,48.0,1008.0,0,0,1.0,demo
1787067931.2297676,40931,46337,43902,0.0007611276171859296,-0.013578653402576557,1.0032061298828514,-0.313634628827007,0.14008730005426165,-0.7235970053771469,32.368255696815005,404,237.79554264151312,472,508,23.961108190262262,206.16593150780488,414,32.48415926071288,25.0,48.0,1008.0,0,0,1.0,demo
1787067932.2909741,41992,49187,46244,-0.006348711559261723,-0.017976694527786444,1.0131974185962376,0.8973578496295379,-0.34970613887847907,0.36816905708869235,32.37389954570325,403,239.09154846644648,561,509,18.29547793232486,207.46298155037664,416,32.46515761073185,25.0,48.0,1008.0,0,0,1.0,demo
1787067933.3524673,43053,45332,43298,0.0015986762436508003,-0.0378179486897661,1.0216496685762393,0.6142588263105795,-0.37488160851440394,0.08154677252915978,32.39107352752463,401,240.31911477982163,408,505,20.81434586144415,208.69207085798325,435,32.47511991552096,25.0,48.0,1008.0,0,0,1.0,demo
1787067934.4699397,44171,50828,47085,-0.007687001501715407,-0.011474897924152854,0.999781844689729,-0.8294074418876537,-0.4977007984802697,0.3887893366674223,32.43290077103588,424,241.53604029296844,627,517,20.905203667142246,209.8747166758916,413,32.56188264752282,25.0,48.0,1008.0,0,0,1.0,demo
1787067935.5339136,45235,48493,45368,-0.0355012808374555,0.011817494962731689,0.9795463098608137,-0.12554953062381777,-0.010500504370761886,0.09881806072700396,32.405905382963944,411,242.62191863860784,524,513,18.803353824052703,210.86200918306955,426,32.496425619004505,25.0,48.0,1008.0,0,0,1.0,demo
1787067936.70354,46404,45459,42891,-0.0018452704364642879,0.011492889897817871,0.9786320644647081,-0.09524258248591859,-0.5016172542027596,0.2008660796687109,32.40593033517653,389,243.7326767468368,395,510,21.34611247626886,211.75792594866599,407,32.50516753955229,25.0,48.0,1008.0,0,0,1.0,demo
1787067937.7784448,47479,45645,43347,0.026453633571530546,0.0038773368375573463,0.9793331090758042,-0.05081792735333569,-0.48766817714231603,-0.7177521234297752,32.35772334797762,424,244.67601131012913,421,507,18.770286848202055,212.38129100829238,419,32.45436729071213,25.0,48.0,1008.0,0,0,1.0,demo
1787067938.8325222,48533,45511,43206,-0.03244884332853186,-0.011324907081089281,0.9897565993490284,-1.0232988029907595,-0.24444931622916968,-0.1003608087257837,32.37989827046575,412,245.52826697453884,428,506,18.77751851709614,212.78879086519953,436,32.48193632140427,25.0,48.0,1008.0,0,0,1.0,demo
1787067939.9096391,49611,45671,42917,-0.0007549281833711649,0.0002754547648658822,1.0097410610087734,-1.2423763841979212,0.22299623752823797,-0.19428147473393587,32.40247864225667,413,246.32400175867616,395,513,21.96602378177648,212.98507037913356,417,32.509782205240484,25.0,48.0,1008.0,0,0,1.0,demo
1787067941.0970676,50798,45609,42818,-0.009947516444085806,-0.006188430842215105,0.9977753389371921,0.7364742136914182,-0.6924794773210339,0.05336953262440113,32.40324911507516,428,247.11245073151258,389,508,20.707986851824927,212.9371638224692,429,32.50075109102706,25.0,48.0,1008.0,0,0,1.0,demo
1787067942.1599247,51861,47890,44385,-0.009692946605529147,-0.01603465677478146,0.9781332626323757,-0.15866297113433286,-0.7638680899376986,0.4654061760134887,32.38649809694353,402,247.73861514322178,466,513,20.289866720713967,212.66050524177692,410,32.481961030704866,25.0,48.0,1008.0,0,0,1.0,demo
1787067943.2192128,52920,49985,46891,0.011200533976602058,0.010177668770922431,0.9909799667851047,0.20931575519170265,-0.14935152422154402,-0.14199096955871146,32.407468147982826,425,248.28738782807625,620,514,19.23099426694929,212.1728053449737,411,32.51183752496294,25.0,48.0,1008.0,0,0,1.0,demo
1787067944.2775743,53978,49080,46009,-0.052109899193162605,-0.00787581479953631,0.9657514305587658,-0.0017031293564175062,0.17189152923240805,-0.6865316678699032,32.410387746521174,429,248.7601948291919,579,507,17.96218395852714,211.4876547082571,413,32.52618009553743,25.0,48.0,1008.0,0,0,1.0,demo
1787067945.348153,55049,45378,43456,0.03772374194348813,0.019046072873627598,1.0072395189453371,-0.3841290892162099,-0.14242151851470525,0.3823698814459777,32.407677049552696,430,249.16132487686883,435,519,20.23024947935542,210.612680589084,430,32.5194115660227,25.0,48.0,1008.0,0,0,1.0,demo
1787067946.4119081,56113,46446,43299,0.03407771236315097,0.0036452795923572583,0.9845170768599153,-0.09863668856883183,-0.24739662061332837,0.3265065537794203,32.42696332254358,448,249.482750641356,404,512,22.2375318936228,209.5863829796485,430,32.479634401620274,25.0,48.0,1008.0,0,0,1.0,demo
1787067947.477325,57178,48214,45102,-0.01736812307230961,-0.006768192960146836,1.0154763250401675,-0.06923820004645705,-0.7986455018295651,0.22569460452518023,32.366344732346256,436,249.7273467817332,498,505,21.698197981250885,208.4304425815243,422,32.48884439469084,25.0,48.0,1008.0,0,0,1.0,demo
1787067948.7240965,58425,47432,44171,-0.02070437185016137,0.01424334876594873,1.002810715429411,0.3023745669591116,0.2605296776931285,0.05565507762674769,32.425219653757196,433,249.91505244841,437,515,16.803310697152295,206.95850937953995,420,32.51939530922895,25.0,48.0,1008.0,0,0,1.0,demo
1787067949.8129213,59514,47072,43758,0.012389126871291085,-0.006588163620290689,1.004733701734841,-0.5481966723607835,-0.22730235589838013,0.024427415005780617,32.37594662988799,439,249.99191542007713,431,503,23.503481154345334,205.60977058789018,413,32.49283045231835,25.0,48.0,1008.0,0,0,1.0,demo
1787067950.9203825,60621,45432,42956,0.023661100724631956,0.04724712252095876,0.9959643890612201,0.504987772177606,-0.4689273347398417,0.578972681894156,32.40651303996359,419,249.98675263754345,387,511,20.736536994578135,204.2199272383909,422,32.51419869548698,25.0,48.0,1008.0,0,0,1.0,demo
1787067951.9783745,61679,46748,44135,0.03242485312806993,-0.002701081414504094,0.9963518126790973,0.31131561031786387,-0.5269501231969775,-0.5104119369650355,32.36132886554629,434,249.90332315220368,485,511,20.946857964486018,202.9135808213435,407,32.45245349528144,25.0,48.0,1008.0,0,0,1.0,demo
1787067953.0913339,62792,49739,46592,-0.02663787458354735,-0.02734663671015153,0.9874743087633161,0.07178457070455065,0.4414607773000828,-0.6740411239852854,32.4080660174889,424,249.73284529876685,623,517,24.160412302127785,201.60206660439292,425,32.48919527036311,25.0,48.0,1008.0,0,0,1.0,demo
1787067954.2075639,63908,45825,43430,-0.008908860715355387,0.010559879191445505,1.034457733800885,-0.8370125576649418,-0.1373615384189247,-0.16919513686018106,32.388843032828866,446,249.47682819833165,434,514,21.79259110907612,200.39077989089984,412,32.462988132110276,25.0,48.0,1008.0,0,0,1.0,demo
1787067955.2863002,64987,48580,45570,0.016566774533630108,0.012490366986922928,0.9951544235276497,0.39038314909496635,-0.6862527114390622,0.7043372877695306,32.398681066030946,426,249.14869509000775,519,514,18.97185768388977,199.35411446241577,454,32.52121492181854,25.0,48.0,1008.0,0,0,1.0,demo
1787067956.399061,66100,50531,46937,-0.01304809095794327,-0.01866926516570668,0.9902000168705872,-0.7457152124045389,0.0969814226294481,-1.2623221160403777,32.352990352365325,430,248.72736275388263,633,510,17.069572701113916,198.45449259423975,416,32.42394388145558,25.0,48.0,1008.0,0,0,1.0,demo
1787067957.4705033,67171,47581,44738,-0.006252362966984812,-0.01827342071031466,1.0007808658095911,-0.2896455363471703,0.3106378676218224,-0.39606201394089624,32.38920218298686,440,248.24249751288627,508,507,17.84459688975177,197.77650464242862,392,32.5083948885582,25.0,48.0,1008.0,0,0,1.0,demo
1787067958.635661,68337,48140,45101,-0.017599823502161147,-0.001682926477108428,0.9847178491953743,-0.6380732086608527,-0.7217778447236268,-0.3376159524372586,32.405313644318575,435,247.6275064329133,537,513,19.018708604465836,197.27139286841293,439,32.48247187520627,25.0,48.0,1008.0,0,0,1.0,demo
1787067959.7326536,69434,47243,44773,-0.00394886627357513,-0.0006854678342360872,0.9974455628829401,-0.7109559546846851,0.3780879149844402,0.5154026949810049,32.35686777544259,425,246.96546490965451,516,513,17.066766451351317,197.03159467925877,421,32.443979806473926,25.0,48.0,1008.0,0,0,1.0,demo
1787067960.7957923,70497,46458,44022,0.013331707820535237,-0.020673103239636635,0.9861387531881155,0.1746532952738306,0.05791845637662432,0.35508198720720896,32.400627913111926,431,246.24754159685457,451,518,18.426472793674463,197.02438211091913,435,32.48050036117722,25.0,48.0,1008.0,0,0,1.0,demo
1787067961.8529067,71554,45551,43374,0.0086488636680437,-0.006309007050360141,1.0302435728235948,0.14804111581076335,-0.2445590989339773,-0.5029248001953094,32.3562810830851,440,245.45976250826487,445,513,20.470076536196572,197.23724484129664,405,32.46882999564778,25.0,48.0,1008.0,0,0,1.0,demo
1787067962.9437997,72645,45546,43281,0.02368599214863233,-0.0047890636887815774,0.9760670199922521,-0.2353800551909425,-0.39989165704680935,-1.1290520660171266,32.37212838928292,436,244.57016721067623,410,513,18.57762730410704,197.6806892974008,428,32.47461760216295,25.0,48.0,1008.0,0,0,1.0,demo
1787067964.0503235,73751,45358,42992,-0.012993363102353715,0.012245412388129467,0.9902218183116056,0.4905619370255047,-0.4516926226493247,0.49524722616276906,32.374108866279556,412,243.58903306834034,404,518,22.252002228970017,198.3494239800431,399,32.50455862874095,25.0,48.0,1008.0,0,0,1.0,demo
1787067965.1111894,74812,46607,43562,0.016731596164569665,-0.02025476361282333,1.0135414593545926,0.4516251152003333,-0.2847944681991349,-0.13956904701498457,32.38667966133387,420,242.57463230164467,419,514,18.823595137817986,199.17906417625792,420,32.49241878523361,25.0,48.0,1008.0,0,0,1.0,demo
1787067966.2421846,75943,48532,45512,-0.003389934335364289,0.009909807155434084,1.0300736274982234,-0.12989192707370426,0.5586931019882141,-0.2193620901296205,32.391637208760976,417,241.41455346810673,517,513,20.622497221130214,200.24051650255092,420,32.49583652365464,25.0,48.0,1008.0,0,0,1.0,demo
1787067967.343381,77044,50055,46583,-0.011794529985079974,0.004310727618139484,1.0248836593966708,-0.25508318769113847,0.029454565356387363,-0.8277148071544135,32.40084651467674,415,240.2080315244587,616,512,21.563794071781018,201.41826899673367,429,32.47851010811708,25.0,48.0,1008.0,0,0,1.0,demo
1787067968.4028804,78104,46886,43563,0.016547328709646123,-0.0002832788377523206,1.0277704610783016,0.051080514891915126,-0.21402267577871142,0.004276291541138947,32.416786868471405,422,238.97641730947498,412,516,14.989954435641735,202.65278018653032,427,32.52917537631284,25.0,48.0,1008.0,0,0,1.0,demo
1787067969.456623,79157,46848,44393,-0.005221188125947307,-0.012766370868295369,1.0202445817211434,0.815057411929708,-0.42870123909672986,0.5232323377732496,32.42435699438523,404,237.6835983163817,480,510,22.271527873162775,203.94498215935403,400,32.53347175885075,25.0,48.0,1008.0,0,0,1.0,demo
1787067970.5380213,80239,50184,47048,0.007489021010154089,-0.002390726510299176,0.997218739915055,-0.2552540818988089,0.3744206712289923,-0.26890819954545203,32.393919366866456,430,236.2874822702314,618,509,20.959490289307276,205.30075412834287,406,32.49167407422464,25.0,48.0,1008.0,0,0,1.0,demo
1787067971.7383897,81439,49929,46751,-0.005528694889124105,0.04433666545538939,1.0000346862352687,-0.5263314162576808,0.042523448390750326,0.4709239537869972,32.41076701422967,408,234.65683591054028,591,517,21.09912265800365,206.79386892710787,416,32.53191494696184,25.0,48.0,1008.0,0,0,1.0,demo
1787067972.8066235,82507,50822,47383,-0.024690230694233165,-0.021530767911146293,0.9704857856361064,0.25136645358848925,-0.10982107589771635,0.25086525080334265,32.34151058758909,402,233.1353365555172,638,510,20.871619954997257,208.07074253356495,422,32.443434923004624,25.0,48.0,1008.0,0,0,1.0,demo
1787067973.934405,83635,48738,45600,-0.008189744144392823,0.004424239396478349,1.012185336667044,0.5126361452452198,0.261248098619918,0.439672693035763,32.42398506353225,429,231.4584925749307,557,516,24.778049240144597,209.32450181778708,432,32.55544707969318,25.0,48.0,1008.0,0,0,1.0,demo
1787067975.0017805,84703,45890,42989,0.022509093462538075,0.023317199721409405,0.9974561315601105,0.127388323155723,-0.35865015441596665,-0.26206860373085333,32.4027309065631,394,229.8060362954816,406,513,20.611156184169882,210.3870254691423,419,32.52223706173661,25.0,48.0,1008.0,0,0,1.0,demo
1787067976.074273,85775,50580,46947,-5.3991234266323786e-05,-0.035781947097574186,0.9857624583329307,-0.5953302887242269,-0.5499280437838329,0.062055425881905456,32.34870467869219,408,228.08289810489512,631,513,22.658315117904035,211.3024323158154,419,32.489632151716755,25.0,48.0,1008.0,0,0,1.0,demo
1787067977.1369164,86838,45615,43025,-0.007314655664361237,0.02017509976867642,0.99658081539558,0.012648162004338964,0.5333152603436857,-0.5108271246979279,32.371657743619025,413,226.3148720173573,385,511,19.479222482835393,212.03350328044084,405,32.43168494985106,25.0,48.0,1008.0,0,0,1.0,demo
1787067978.2104805,87911,50382,46876,0.010113056445082693,-0.020010941278330106,0.9743023265436844,0.3493713317671959,-0.34666977999715126,-0.8605166575201791,32.41371257861045,397,224.46870728752197,626,511,19.432156889030445,212.57349247645857,423,32.52817413863429,25.0,48.0,1008.0,0,0,1.0,demo
1787067979.2827103,88984,46837,43453,8.196909437210765e-05,-0.02909460130118748,1.0197174434956318,-0.27030254461924147,-0.36156911215207915,-0.46342211347364043,32.40473702605976,416,222.56612408848923,432,513,17.4351835350524,212.89835203355153,426,32.48111998410617,25.0,48.0,1008.0,0,0,1.0,demo
1787067980.3704753,90071,49763,46254,0.006335103817946361,0.004780051575950396,0.999235455776782,0.05635077970174511,0.8042650455100367,-0.1945557652383986,32.42774946398207,391,220.5775574442778,599,507,22.35675013424486,212.99949059529393,433,32.53359517707093,25.0,48.0,1008.0,0,0,1.0,demo
1787067981.438568,91139,46900,43667,-0.023357898497441704,-0.013405535828403523,0.9834497177150272,0.029536917139437412,-0.42474291577035345,0.38623715631132893,32.36651573932612,413,218.5692546877856,420,509,19.41130550484188,212.87209138970013,410,32.438683214650354,25.0,48.0,1008.0,0,0,1.0,demo
1787067982.4758825,92177,50543,46869,-0.011291713225801508,0.0024860987503643284,1.0084370214949885,0.04234147474614695,-0.3846141365191644,0.8895838132720679,32.380470645581994,398,216.56749266979494,612,512,20.198763134885475,212.53668201440996,394,32.469394740396076,25.0,48.0,1008.0,0,0,1.0,demo
1787067983.627743,93329,46848,44538,-0.01987698349801239,-0.029377382830610296,0.9634508937722783,0.28435010784657166,0.24881561354272458,-0.16094244180326658,32.38282443210894,408,214.28722922118834,497,509,19.806863234630914,211.93085491350786,405,32.4698741369091,25.0,48.0,1008.0,0,0,1.0,demo
1787067984.6789548,94380,45432,42963,0.017861752753143504,-0.013123921260516501,1.000892002727191,0.16577685054711047,-0.493361743355529,-0.05023272208330597,32.43761220989556,400,212.15514229207952,399,509,17.661485894214074,211.1798383926715,417,32.55140248762842,25.0,48.0,1008.0,0,0,1.0,demo
1787067985.7537751,95455,45403,43171,0.006810257626678544,0.04052067319994771,1.0101524382718405,-0.21294760929812054,0.48011250929118976,0.9931668843009251,32.41527124548915,407,209.92651485321647,411,512,18.898605100001557,210.2383186081488,416,32.46813757360865,25.0,48.0,1008.0,0,0,1.0,demo
1787067986.8259358,96527,48209,45207,0.0066632797834995676,-0.028914515706709516,0.9966967135580804,-0.2598317606113928,-0.19792869440423372,-0.6563042883888207,32.40127326233641,406,207.6561304940249,536,512,18.58460304872449,209.1506956229091,418,32.51481751247211,25.0,48.0,1008.0,0,0,1.0,demo
1787067987.8678815,97569,49688,46691,-0.0019806032665432853,-0.009241959861566453,1.0127927739666591,0.42036177034296374,-0.29218976585358714,0.2742540262122708,32.34963917354172,412,205.40619174900817,612,525,20.19435023333298,207.98089095623664,413,32.484664892148025,25.0,48.0,1008.0,0,0,1.0,demo
1787067988.9287508,98630,45582,43739,0.0008891604865580333,0.01438448233968358,0.9829616381356016,0.40264278943565507,0.5037622149867085,0.14156086270448015,32.38082727372149,418,203.07304612297207,454,512,24.61860918906939,206.70819017787701,400,32.50467256373974,25.0,48.0,1008.0,0,0,1.0,demo
1787067989.9951186,99696,47141,43797,-0.026645322642585158,0.004122315136205067,0.9927905635749312,0.5138777737150954,0.444129612644461,-1.0443605788535228,32.3656213859455,406,200.68655564852008,451,509,19.2960437120529,205.38126217400875,403,32.47348287987059,25.0,48.0,1008.0,0,0,1.0,demo
1787067991.0848515,100786,48116,45118,0.015940184504383663,-0.0097052601080157,1.0248430140319396,-0.11292703499449792,0.36467414703539514,-0.31711175457588214,32.40346444332024,416,198.20697989385656,495,511,21.881514951226144,204.0145174776123,409,32.535353620988836,25.0,48.0,1008.0,0,0,1.0,demo
1787067992.1310203,101832,48683,45088,0.03680312790536249,-0.00778223902156029,0.9927635627579386,0.2847059835514189,0.4331295605740099,-0.16764437053027673,32.372327672609764,417,195.78959188207284,512,509,17.62680440085226,202.7290163799368,409,32.46804319501498,25.0,48.0,1008.0,0,0,1.0,demo
1787067993.198382,102899,47302,43746,-0.011323552557789097,0.0015357327946171886,1.0107389570525736,-0.43214848951455925,-0.19162192337397152,0.1485659076262794,32.366755695684965,417,193.2878492909468,431,512,20.077139860201473,201.48076931212586,405,32.46663937387178,25.0,48.0,1008.0,0,0,1.0,demo
1787067994.257975,103959,45174,42988,-0.04803757015346061,-0.043105123918277116,0.992639073926156,0.1523747347861843,0.21946439845678464,0.26702681949356516,32.37768133136397,452,190.77087949746732,405,514,16.464308404759226,200.33914744423961,425,32.50967496647336,25.0,48.0,1008.0,0,0,1.0,demo
1787067995.3181975,105019,48776,45688,-0.011983059231508624,0.010283391260428489,0.9950282062338779,-0.5459350148898549,-0.3147420898952985,0.7237721426476481,32.380113202896226,427,188.2210158835314,568,514,18.351597279679645,199.32578739785492,427,32.47661693107733,25.0,48.0,1008.0,0,0,1.0,demo
1787067996.3826501,106084,49902,46748,-0.02136554129171654,0.011172098787219436,0.9969498900556247,-0.8205228339768689,0.30595057544877796,-0.5381104082957943,32.37683832241413,428,185.6313599778687,602,511,24.459765873789806,198.46637121242614,427,32.481325653221816,25.0,48.0,1008.0,0,0,1.0,demo
1787067997.4522202,107153,46875,43481,0.016148322327163126,-0.03278563389732021,0.9852171110608922,-0.6561953122510179,0.519341206525244,-0.11101634728651301,32.41786157941414,448,183.00138852710631,414,507,23.739166796384293,197.78640856553002,399,32.52131794321356,25.0,48.0,1008.0,0,0,1.0,demo
1787067998.6842513,108385,50461,46760,-0.0035052119147660227,-0.00370311523417665,1.0201923571314686,0.2526477517683204,0.051960249048631155,0.249113033213892,32.39279764437379,436,179.9400038396103,635,507,23.62227173277727,197.25584874955882,411,32.52781317651012,25.0,48.0,1008.0,0,0,1.0,demo
1789935631.1155882,3323,49386,46205,-0.0021898229035396282,-0.006272624783851551,0.9985391388811737,-0.2698890078658462,-0.30623572170208685,-0.8413781954344438,32.389072360201666,444,158.68990325537945,606,517,21.411603201703116,208.98928333910098,409,32.517927375965996,25.0,48.0,1008.0,0,0,1.0,demo
1789935632.1833901,4391,48842,45786,0.020565649248995607,0.053105871412267844,1.0168584886884957,-0.017365135532103188,-0.08602198543952891,-0.4283470602320828,32.37154194438289,417,161.4710692120341,540,510,21.487461413123654,210.09095590461598,414,32.46759295005417,25.0,48.0,1008.0,0,0,1.0,demo
1789935633.2234962,5431,45551,42823,-0.014397735988755184,0.0377284577196714,0.9758051142819013,-0.5253085214501934,-0.4045052376507971,0.5994095113074489,32.43171647156333,432,164.1714991582873,387,510,22.129624634967552,211.02690843935977,406,32.56077540410777,25.0,48.0,1008.0,0,0,1.0,demo
1789935634.2660987,6474,49269,46026,0.012022608536260098,-0.04205014879069991,0.9939769763571004,-0.41395732517714223,-0.616597488894581,-0.2736006390295002,32.38723842909145,428,166.86786419582714,569,510,24.031665783847938,211.80399372310288,404,32.45349656952149,25.0,48.0,1008.0,0,0,1.0,demo
1789935635.5659063,7773,45483,42961,0.008645169991196761,-0.022155444851684535,1.0114737259337914,-0.3978475520126737,-0.5016984356533934,0.0034267750411404838,32.37608035044033,455,170.21158020892457,379,514,21.97781461425726,212.51583351980534,390,32.44143066782013,25.0,48.0,1008.0,0,0,1.0,demo
1789935636.728036,8935,50522,47001,-0.03809648517469872,0.006162859327726506,0.9801635155250225,-0.645955782462166,-0.02708415418542317,-0.22314894706202884,32.40020548195997,443,173.18142396091105,607,511,23.798696103231734,212.88851351563846,432,32.52795327518977,25.0,48.0,1008.0,0,0,1.0,demo
1789935638.0293815,10237,45437,42771,0.0033326235023725154,-0.017547784927862,1.0020847550986967,0.6827263639642188,-0.8538993466669913,0.09532846372966064,32.38816435877361,415,176.48144142945588,405,512,18.982523243297,212.99444370491054,409,32.5524154077256,25.0,48.0,1008.0,0,0,1.0,demo
1789935639.1035655,11311,49467,46224,-0.007876938944700127,-0.027032557208086345,0.9885024839392259,-0.027125293559282622,-0.5096267030407862,0.6609732220786485,32.36917588101119,453,179.18242275404972,597,508,20.384280164984233,212.83084747603425,438,32.466607263247866,25.0,48.0,1008.0,0,0,1.0,demo
1789935640.1569486,12364,49716,46741,-0.0275679122844364,-0.022156516735253835,0.9897216938966903,0.415011790190774,0.407618538364743,-0.30796799292369603,32.3992743050772,431,181.8087033181547,604,512,21.18384081096451,212.4543584335986,410,32.4961558679521,25.0,48.0,1008.0,0,0,1.0,demo
1789935641.222802,13430,47452,43979,-0.007985421040358332,-0.00806855752856056,1.035370702025612,-0.9911921396950447,0.11894765787399753,0.192840298097442,32.390233957684664,456,184.44144573929023,452,514,18.240521188031597,211.86621538567283,426,32.482614216783425,25.0,48.0,1008.0,0,0,1.0,demo
1789935642.3036542,14511,45313,43041,0.017059234430705845,0.028335521170979427,1.010137535578995,-0.3304367339925698,0.13360746075981564,0.28544951961811993,32.41728705435794,414,187.08384276994724,405,505,21.420227046596793,211.07380630303098,426,32.527360908521786,25.0,48.0,1008.0,0,0,1.0,demo
1789935643.3622813,15570,46934,44524,-0.009749328154017857,-0.014041105281267327,0.9968360634715339,-0.3365708800555477,0.14063048562503225,0.03121890818233923,32.38408486895209,431,189.6431376197724,495,518,19.935957035955084,210.12820585801057,410,32.47771246849689,25.0,48.0,1008.0,0,0,1.0,demo
1789935644.4186995,16626,49638,46046,-0.010850381824542774,-0.024619703457842656,1.0049746272838447,-0.267780516533079,0.44214224268027785,0.5600199445285752,32.39256208867414,430,192.1667404576024,593,512,17.73057516363221,209.04352238988128,437,32.49893207422936,25.0,48.0,1008.0,0,0,1.0,demo
1789935645.4805973,17688,50695,46928,0.014721479232483186,-0.031425646033210304,1.0087591075085762,0.28766715396596915,-0.7954968874000466,0.9850497947875382,32.36637788583224,442,194.67092676261382,626,513,18.668979294075292,207.84131318125907,458,32.48768859431153,25.0,48.0,1008.0,0,0,1.0,demo
1789935646.5681102,18776,49844,46961,0.0034631068090009067,-0.016923799595773618,1.0081184809747086,0.6852446383545129,0.3428752936822254,1.104082728371336,32.41300922072403,434,197.19972190092363,608,514,22.434681100420274,206.528649558984,432,32.534105815717155,25.0,48.0,1008.0,0,0,1.0,demo
1789935647.642348,19850,48899,45930,-0.025088362647376163,-0.00865879702509258,1.0141326741000762,-0.23876000651810853,-0.08421164092249027,-0.4605448447971076,32.417938763392655,447,199.66009660911968,553,511,23.395320115552735,205.18816373974812,427,32.50406085532199,25.0,48.0,1008.0,0,0,1.0,demo
1789935648.9142318,21122,45823,42934,0.007967895941966795,-0.0072673944818971,1.0185142465838142,0.5027423945659192,-0.6614699003311436,0.5775689745334315,32.375653781161546,424,202.52221718297858,401,512,21.226937930141244,203.59717537347663,432,32.48842303144894,25.0,48.0,1008.0,0,0,1.0,demo
1789935649.9857883,22193,45511,43123,-0.02952333896363704,-0.01742138512894041,0.9890576165357517,0.5148781822697279,0.04720595866911512,0.4749078999430189,32.38075853821427,412,204.88847507469936,425,522,20.73974225617252,202.29755793216006,417,32.50365976940509,25.0,48.0,1008.0,0,0,1.0,demo
1789935651.1088817,23316,47628,44890,-0.015365215165972253,-0.028643770578075864,0.9858820881676341,-0.4078001675566966,-0.2957014681762842,-0.7380513143051729,32.37371830358642,423,207.32214742387526,518,504,20.004099230237898,201.01802390084183,405,32.4533637448427,25.0,48.0,1008.0,0,0,1.0,demo
1789935652.1993198,24407,50160,46723,0.019410268589857442,-0.015933387493413966,1.0018249557890668,-0.9917983108448227,0.05128283019553793,-1.0869527252349032,32.38233338198355,438,209.63766549103497,619,512,20.308866542831733,199.8936185921037,452,32.493380989079796,25.0,48.0,1008.0,0,0,1.0,demo
1789935653.258029,25465,50022,46818,0.011679695195225213,-0.005213977091431633,0.9915550982967833,-0.06718436047614744,1.066938873312226,-0.5146096620008276,32.38461826805819,420,211.83932635127982,609,511,20.98463838608066,198.94464351487952,406,32.507118566334945,25.0,48.0,1008.0,0,0,1.0,demo
1789935654.3171246,26525,48119,44765,-0.014804092514815563,0.01302038637262215,0.9594995215956069,0.13161952729182771,-0.04007560966162106,0.21383267885907326,32.36206557631593,413,213.99426098968297,476,510,21.360625543612038,198.1624990633591,418,32.452120246994255,25.0,48.0,1008.0,0,0,1.0,demo
1789935655.4087088,27616,45383,43042,-0.021961818644316483,0.040237338203569215,1.0276373895508075,-0.09609203515594501,-0.2324350032335103,-0.022724903247257976,32.36640504839465,411,216.16380073807548,413,518,21.601008407040826,197.55412920891666,437,32.44579313121645,25.0,48.0,1008.0,0,0,1.0,demo
1789935656.513735,28721,50422,46939,-0.007220198739075776,0.00220025451912877,0.9985342876709935,0.311293271836739,0.45259819429218734,-0.4196242757106966,32.36541435934621,429,218.30501639392628,620,505,16.184642098953205,197.1607489513055,419,32.45230771526921,25.0,48.0,1008.0,0,0,1.0,demo
1789935657.579132,29787,47396,44154,0.005265906706914331,-0.02528012003506383,1.0173037366679023,-0.14437182686118324,0.459633568538326,-0.17022304138492364,32.40661758541433,401,220.31533871433032,447,514,18.982290063885557,197.00447588251143,436,32.49361145529818,25.0,48.0,1008.0,0,0,1.0,demo
1789935658.711189,30919,49371,46005,0.017688545658731954,-0.04106008383008326,1.0319873377715159,0.25820726759318463,-0.11000709377372606,0.13976180047540285,32.412554563203074,413,222.39146812635363,588,516,20.3561587708458,197.08322667141698,431,32.5421520115115,25.0,48.0,1008.0,0,0,1.0,demo
1789935660.040585,32248,46786,44426,-0.021929465900171037,0.016969302238262145,0.9648860354263704,-0.6318771565150557,0.04525240066518364,-0.6872292495061582,32.40341133751607,421,224.7482019144282,486,513,22.965093620107595,197.4938115568071,426,32.527554410062955,25.0,48.0,1008.0,0,0,1.0,demo
1789935661.2789314,33486,45564,42814,-0.015569663043318286,-0.038534559017537225,0.9986399426503235,0.511143619827591,-1.4671227641863638,0.6384529357453066,32.38967614079696,400,226.86213741645207,395,511,19.883074990497146,198.17024832084095,441,32.49333711682523,25.0,48.0,1008.0,0,0,1.0,demo
1789935662.4127972,34620,48712,45687,0.01698780462674594,0.006523601007928369,1.0158117221009144,-0.07781132129779976,-0.19627322585832568,-0.41052841047214766,32.39476625254055,388,228.72692837980685,536,514,21.633212452056885,199.01634493957215,419,32.47285806745187,25.0,48.0,1008.0,0,0,1.0,demo
1789935663.6933222,35901,49542,46411,0.00807959198735729,-0.0054361338723848416,1.018801246231865,0.37292085024196936,-0.6168282096006654,1.036416127979362,32.41286705583139,414,230.74943137975254,584,512,21.91539970270887,200.19786867680907,460,32.512770097679976,25.0,48.0,1008.0,0,0,1.0,demo
1789935665.0058057,37213,49219,46366,-0.026307364770138477,0.04047528880935764,0.9953687441652583,-1.0257416104978148,0.6450602055679309,0.4951731421997508,32.41775445605864,394,232.72822373384113,580,517,19.706312704768727,201.60935999873166,426,32.51420556415734,25.0,48.0,1008.0,0,0,1.0,demo
1789935666.1394906,38347,50140,46471,0.011737953836003668,0.00406183573858501,1.017553358085187,0.7093439804834346,-0.1397852619960607,-0.6436693192465405,32.362319783675076,415,234.35891557196248,604,514,16.579798342679606,202.94651830797042,411,32.430629572511734,25.0,48.0,1008.0,0,0,1.0,demo
1789935667.340262,39548,46265,43937,-0.01122418004267897,0.019561473089831354,0.9951907433403875,-1.0685792997258543,-0.021784125697166236,-0.5697470963040864,32.40150226862993,421,236.0050434935547,464,514,17.70932704372249,204.43268287396768,409,32.49113998095786,25.0,48.0,1008.0,0,0,1.0,demo
1789935668.4791255,40687,47310,44012,0.025346535802963706,0.014062865525142248,0.9657639424560257,-0.513892887979478,0.5778324808863038,0.08377681333887474,32.356232138098434,410,237.48780108392322,455,514,19.926463282659792,205.86166964077333,417,32.44595833105386,25.0,48.0,1008.0,0,0,1.0,demo
1789935669.6409643,41848,50786,46879,-0.01221290364823968,0.027263750668115184,1.049708231451933,-0.8042520384350841,-1.1871733356509888,-0.33681443799619754,32.394545808873005,406,238.92032653195076,625,506,21.712464911577023,207.29083166336923,412,32.48193404196003,25.0,48.0,1008.0,0,0,1.0,demo
1789935670.781776,42989,45728,42632,0.0021600840835043897,-0.005565794243804006,1.0174993697814514,-0.5566145552335325,-0.47871519053534206,-1.0665031644253298,32.38160288585619,410,240.24689163007469,390,508,19.60231729269568,208.62036213841787,428,32.48815976389991,25.0,48.0,1008.0,0,0,1.0,demo
1789935672.120171,44328,49188,46027,0.0007611276171859296,-0.013578653402576557,1.0032061298828514,-0.313634628827007,0.14008730005426165,-0.7235970053771469,32.36828922579131,408,241.70051546275778,568,508,23.961108190262262,210.02942447634564,414,32.48419278968918,25.0,48.0,1008.0,0,0,1.0,demo
1789935673.3230586,45530,45337,43057,-0.006348711559261723,-0.017976694527786444,1.0131974185962376,0.8973578496295379,-0.34970613887847907,0.36816905708869235,32.37393447756817,408,242.91096037269278,397,509,18.29547793232486,211.10844342723934,416,32.46519254259677,25.0,48.0,1008.0,0,0,1.0,demo
1789935676.2719321,48479,45347,43201,0.0015986762436508003,-0.0378179486897661,1.0216496685762393,0.6142588263105795,-0.37488160851440394,0.08154677252915978,32.391127102950115,410,245.48632563077993,401,505,20.81434586144415,212.7730046211352,435,32.475173490946446,25.0,48.0,1008.0,0,0,1.0,demo
1789935678.136685,50344,49709,46496,-0.007687001501715407,-0.011474897924152854,0.999781844689729,-0.8294074418876537,-0.4977007984802697,0.3887893366674223,32.432961735203186,435,246.82213659656577,581,517,20.905203667142246,212.98828366693857,413,32.561943611690126,25.0,48.0,1008.0,0,0,1.0,demo
1789935679.4259858,51633,49637,46566,-0.0355012808374555,0.011817494962731689,0.9795463098608137,-0.12554953062381777,-0.010500504370761886,0.09881806072700396,32.405968580703345,423,247.610991145594,596,513,18.803353824052703,212.73796511784067,426,32.496488816743906,25.0,48.0,1008.0,0,0,1.0,demo
1789935680.5508184,52758,50540,46987,-0.0018452704364642879,0.011492889897817871,0.9786320644647081,-0.09524258248591859,-0.5016172542027596,0.2008660796687109,32.405993098587174,401,248.20841758246058,631,510,21.34611247626886,212.2605506197692,407,32.505230302962936,25.0,48.0,1008.0,0,0,1.0,demo
1789935682.1912413,54399,49564,46462,0.026453633571530546,0.0038773368375573463,0.9793331090758042,-0.05081792735333569,-0.48766817714231603,-0.7177521234297752,32.35779170804272,437,248.92690569144662,579,507,18.770286848202055,211.16479198611128,419,32.45443565077723,25.0,48.0,1008.0,0,0,1.0,demo
1789935683.7455103,55953,47858,44575,-0.03244884332853186,-0.011324907081089281,0.9897565993490284,-1.0232988029907595,-0.24444931622916968,-0.1003608087257837,32.379971582952315,424,249.43936668168357,484,506,18.77751851709614,209.7495184042652,436,32.48200963389083,25.0,48.0,1008.0,0,0,1.0,demo
1789935685.3552766,57563,45620,43079,-0.0007549281833711649,0.0002754547648658822,1.0097410610087734,-1.2423763841979212,0.22299623752823797,-0.19428147473393587,32.40255722971969,426,249.79657360899995,408,513,21.96602378177648,207.98796852865433,417,32.509860792703506,25.0,48.0,1008.0,0,0,1.0,demo
1789935686.7010584,58908,47965,45097,-0.009947516444085806,-0.006188430842215105,0.9977753389371921,0.7364742136914182,-0.6924794773210339,0.05336953262440113,32.40332927886716,440,249.9592095389525,534,508,20.707986851824927,206.36433891742286,429,32.50083125481906,25.0,48.0,1008.0,0,0,1.0,demo
1789935688.452391,60660,45617,42908,-0.009692946605529147,-0.01603465677478146,0.9781332626323757,-0.15866297113433286,-0.7638680899376986,0.4654061760134887,32.38658507930988,413,249.98505933377106,399,513,20.289866720713967,204.17173809330228,410,32.48204801307122,25.0,48.0,1008.0,0,0,1.0,demo
1789935689.9155424,62123,48102,45074,0.011200533976602058,0.010177668770922431,0.9909799667851047,0.20931575519170265,-0.14935152422154402,-0.14199096955871146,32.40755913561237,435,249.84551822155797,508,514,19.23099426694929,202.3808053852071,411,32.51192851259248,25.0,48.0,1008.0,0,0,1.0,demo
1789935691.4827912,63690,47283,44259,-0.052109899193162605,-0.00787581479953631,0.9657514305587658,-0.0017031293564175062,0.17189152923240805,-0.6865316678699032,32.41048377960465,437,249.53357127616533,454,507,17.96218395852714,200.6175969509578,413,32.5262761286209,25.0,48.0,1008.0,0,0,1.0,demo
1789935692.9294815,65137,45983,43196,0.03772374194348813,0.019046072873627598,1.0072395189453371,-0.3841290892162099,-0.14242151851470525,0.3823698814459777,32.40777681584016,435,249.09689864713283,405,519,20.23024947935542,199.22239644598775,430,32.51951133231016,25.0,48.0,1008.0,0,0,1.0,demo
1789935694.0567849,66264,48433,45401,0.03407771236315097,0.0036452795923572583,0.9845170768599153,-0.09863668856883183,-0.24739662061332837,0.3265065537794203,32.427063729644566,450,248.65806248047056,518,512,22.2375318936228,198.33800703842329,430,32.47973480872126,25.0,48.0,1008.0,0,0,1.0,demo
1789935695.17351,67381,49897,46823,-0.01736812307230961,-0.006768192960146836,1.0154763250401675,-0.06923820004645705,-0.7986455018295651,0.22569460452518023,32.36644565928471,437,248.13862339368416,602,505,21.698197981250885,197.66727087028795,422,32.48894532162929,25.0,48.0,1008.0,0,0,1.0,demo
1789935696.306669,68514,50049,46916,-0.02070437185016137,0.01424334876594873,1.002810715429411,0.3023745669591116,0.2605296776931285,0.05565507762674769,32.425319470138454,430,247.52580594623805,599,515,16.803310697152295,197.21678646927487,420,32.519495125610206,25.0,48.0,1008.0,0,0,1.0,demo
1789935697.4452407,69653,49447,46404,0.012389126871291085,-0.006588163620290689,1.004733701734841,-0.5481966723607835,-0.22730235589838013,0.024427415005780617,32.376046950964664,435,246.8236226892925,582,503,23.503481154345334,197.01187116695303,413,32.492930773395024,25.0,48.0,1008.0,0,0,1.0,demo
1789935698.5997627,70807,48047,45142,0.023661100724631956,0.04724712252095876,0.9959643890612201,0.504987772177606,-0.4689273347398417,0.578972681894156,32.40661383947017,412,246.02376823533496,497,511,20.736536994578135,197.06429534673478,422,32.51429949499356,25.0,48.0,1008.0,0,0,1.0,demo
1789935699.7503746,71958,46961,43487,0.03242485312806993,-0.002701081414504094,0.9963518126790973,0.31131561031786387,-0.5269501231969775,-0.5104119369650355,32.361430594205196,425,245.1393491875922,423,511,20.946857964486018,197.3755093238444,407,32.452555223940344,25.0,48.0,1008.0,0,0,1.0,demo
1789935701.017669,73225,45723,43478,-0.02663787458354735,-0.02734663671015153,0.9874743087633161,0.07178457070455065,0.4414607773000828,-0.6740411239852854,32.4081692874015,413,244.0653789599655,465,517,24.160412302127785,198.0050835806848,425,32.48929854027571,25.0,48.0,1008.0,0,0,1.0,demo
1789935702.1451833,74353,45749,43343,-0.008908860715355387,0.010559879191445505,1.034457733800885,-0.8370125576649418,-0.1373615384189247,-0.16919513686018106,32.38894642743339,432,243.0227921782531,429,514,21.79259110907612,198.79848277545975,412,32.4630915267148,25.0,48.0,1008.0,0,0,1.0,demo
1789935703.2710667,75478,45655,42877,0.016566774533630108,0.012490366986922928,0.9951544235276497,0.39038314909496635,-0.6862527114390622,0.7043372877695306,32.39878494020372,410,241.9008414465816,378,514,18.97185768388977,199.78434760311592,454,32.52131879599131,25.0,48.0,1008.0,0,0,1.0,demo
1789935704.3475766,76555,49007,46006,-0.01304809095794327,-0.01866926516570668,0.9902000168705872,-0.7457152124045389,0.0969814226294481,-1.2623221160403777,32.35309388030938,414,240.75341413978185,564,510,17.069572701113916,200.87961273604364,416,32.424047409399634,25.0,48.0,1008.0,0,0,1.0,demo
1789935705.4565718,77664,48275,45182,-0.006252362966984812,-0.01827342071031466,1.0007808658095911,-0.2896455363471703,0.3106378676218224,-0.39606201394089624,32.38930609546997,423,239.49599734905706,533,507,17.84459688975177,202.13048421139538,392,32.50849880104131,25.0,48.0,1008.0,0,0,1.0,demo
1789935706.533059,78740,48949,45727,-0.017599823502161147,-0.001682926477108428,0.9847178491953743,-0.6380732086608527,-0.7217778447236268,-0.3376159524372586,32.40541669159082,417,238.2032790274791,545,513,19.018708604465836,203.42813860563786,439,32.48257492247852,25.0,48.0,1008.0,0,0,1.0,demo
1789935707.6039507,79811,45811,43000,-0.00394886627357513,-0.0006854678342360872,0.9974455628829401,-0.7109559546846851,0.3780879149844402,0.5154026949810049,32.356970576666264,407,236.84777273191162,397,513,17.066766451351317,204.7636018382222,421,32.4440826076976,25.0,48.0,1008.0,0,0,1.0,demo
1789935708.6780403,80885,45559,43131,0.013331707820535237,-0.020673103239636635,0.9861387531881155,0.1746532952738306,0.05791845637662432,0.35508198720720896,32.400730835119916,413,235.41965517060515,395,518,18.426472793674463,206.10971812908016,435,32.48060328318521,25.0,48.0,1008.0,0,0,1.0,demo
1789935709.7445257,81952,45345,42947,0.0086488636680437,-0.006309007050360141,1.0302435728235948,0.14804111581076335,-0.2445590989339773,-0.5029248001953094,32.35638411017157,422,233.9348230181772,415,513,20.470076536196572,207.41521243932468,405,32.46893302273425,25.0,48.0,1008.0,0,0,1.0,demo
1789935710.952697,83160,45787,42921,0.02368599214863233,-0.0047890636887815774,0.9760670199922521,-0.2353800551909425,-0.39989165704680935,-1.1290520660171266,32.37223259178699,419,232.17374687547488,380,513,18.57762730410704,208.8105677524081,428,32.47472180466702,25.0,48.0,1008.0,0,0,1.0,demo
1789935712.088578,84296,48525,45429,-0.012993363102353715,0.012245412388129467,0.9902218183116056,0.4905619370255047,-0.4516926226493247,0.49524722616276906,32.37421337280311,396,230.44303793400502,523,518,22.252002228970017,209.9984885351615,399,32.50466313526451,25.0,48.0,1008.0,0,0,1.0,demo
1789935713.1864388,85394,48903,45908,0.016731596164569665,-0.02025476361282333,1.0135414593545926,0.4516251152003333,-0.2847944681991349,-0.13956904701498457,32.38678454716353,405,228.70264287221434,575,514,18.823595137817986,210.99618338702697,420,32.49252367106327,25.0,48.0,1008.0,0,0,1.0,demo
1789935714.2759097,86483,47376,44137,-0.003389934335364289,0.009909807155434084,1.0300736274982234,-0.12989192707370426,0.5586931019882141,-0.2193620901296205,32.39174169597361,404,226.91127602333447,441,513,20.622497221130214,211.81047028261176,420,32.49594101086727,25.0,48.0,1008.0,0,0,1.0,demo
1789935715.3748536,87582,48568,45579,-0.011794529985079974,0.004310727618139484,1.0248836593966708,-0.25508318769113847,0.029454565356387363,-0.8277148071544135,32.40095099240916,404,225.04095437408984,564,512,21.563794071781018,212.43020746230886,429,32.47861458584949,25.0,48.0,1008.0,0,0,1.0,demo
1789935716.476484,88684,48175,44992,0.016547328709646123,-0.0002832788377523206,1.0277704610783016,0.051080514891915126,-0.21402267577871142,0.004276291541138947,32.416891776575305,413,223.10372454694087,489,516,14.989954435641735,212.82978007633702,427,32.52928028441674,25.0,48.0,1008.0,0,0,1.0,demo
1789935717.5476258,89755,46882,44416,-0.005221188125947307,-0.012766370868295369,1.0202445817211434,0.815057411929708,-0.42870123909672986,0.5232323377732496,32.42446208748778,397,221.16179367560397,481,510,22.271527873162775,212.9941020006485,400,32.533576851953306,25.0,48.0,1008.0,0,0,1.0,demo
1789935718.627972,90835,48348,45790,0.007489021010154089,-0.002390726510299176,0.997218739915055,-0.2552540818988089,0.3744206712289923,-0.26890819954545203,32.39402446222667,425,219.1465005051,526,509,20.959490289307276,212.93114151566226,406,32.49177916958485,25.0,48.0,1008.0,0,0,1.0,demo
1789935719.6803443,91888,48314,45320,-0.005528694889124105,0.04433666545538939,1.0000346862352687,-0.5263314162576808,0.042523448390750326,0.4709239537869972,32.410870654814545,406,217.13019574292375,532,517,21.09912265800365,212.65067401240614,416,32.532018587546716,25.0,48.0,1008.0,0,0,1.0,demo
1789935720.7718265,92979,46059,43228,-0.024690230694233165,-0.021530767911146293,0.9704857856361064,0.25136645358848925,-0.10982107589771635,0.25086525080334265,32.34161447130866,403,214.9851505385123,399,510,20.871619954997257,212.13958084115148,422,32.44353880672419,25.0,48.0,1008.0,0,0,1.0,demo
1789935721.8796778,94087,47443,44142,-0.008189744144392823,0.004424239396478349,1.012185336667044,0.5126361452452198,0.261248098619918,0.439672693035763,32.424088762478895,432,212.75368685107225,447,516,24.778049240144597,211.40683613107407,432,32.55555077863983,25.0,48.0,1008.0,0,0,1.0,demo
1789935722.9326982,95140,47802,44721,0.022509093462538075,0.023317199721409405,0.9974561315601105,0.127388323155723,-0.35865015441596665,-0.26206860373085333,32.402834475344676,400,210.58370484943873,495,513,20.611156184169882,210.53055058435675,419,32.52234063051819,25.0,48.0,1008.0,0,0,1.0,demo
1789935723.9942157,96202,46572,43184,-5.3991234266323786e-05,-0.035781947097574186,0.9857624583329307,-0.5953302887242269,-0.5499280437838329,0.062055425881905456,32.34880815089424,416,208.34961828525297,408,513,22.658315117904035,209.4944655349095,419,32.48973562391881,25.0,48.0,1008.0,0,0,1.0,demo
1789935725.0419505,97249,46311,44197,-0.007314655664361237,0.02017509976867642,0.99658081539558,0.012648162004338964,0.5333152603436857,-0.5108271246979279,32.37176108003878,423,206.10034438943867,466,511,19.479222482835393,208.3494460478094,405,32.431788286270816,25.0,48.0,1008.0,0,0,1.0,demo
1789935726.0762358,98284,49489,46551,0.010113056445082693,-0.020010941278330106,0.9743023265436844,0.3493713317671959,-0.34666977999715126,-0.8605166575201791,32.41381553729153,409,203.83853930403274,592,511,19.432156889030445,207.1302041785748,423,32.528277097315375,25.0,48.0,1008.0,0,0,1.0,demo
1789935727.1150286,99322,47180,44529,8.196909437210765e-05,-0.02909460130118748,1.0197174434956318,-0.27030254461924147,-0.36156911215207915,-0.46342211347364043,32.404839664921745,430,201.5271494478587,517,513,17.4351835350524,205.84922716592743,426,32.481222622968154,25.0,48.0,1008.0,0,0,1.0,demo
1789935728.182725,100390,45632,43052,0.006335103817946361,0.004780051575950396,0.999235455776782,0.05635077970174511,0.8042650455100367,-0.1945557652383986,32.42785191593006,406,199.11175179323072,409,507,22.35675013424486,204.50943141820616,433,32.533697629018924,25.0,48.0,1008.0,0,0,1.0,demo
1789935729.245274,101453,45597,42913,-0.023357898497441704,-0.013405535828403523,0.9834497177150272,0.029536917139437412,-0.42474291577035345,0.38623715631132893,32.3666181484007,429,196.66990258041525,388,509,19.41130550484188,203.18970176851354,410,32.43878562372493,25.0,48.0,1008.0,0,0,1.0,demo
1789935730.3040466,102511,45354,42958,-0.011291713225801508,0.0024860987503643284,1.0084370214949885,0.04234147474614695,-0.3846141365191644,0.8895838132720679,32.380573279728324,415,194.2008109319581,391,512,20.198763134885475,201.92466558104675,394,32.46949737454241,25.0,48.0,1008.0,0,0,1.0,demo
1789935731.3862329,103594,48154,45379,-0.01987698349801239,-0.029377382830610296,0.9634508937722783,0.28435010784657166,0.24881561354272458,-0.16094244180326658,32.3829263870165,426,191.6420395226041,544,509,19.806863234630914,200.71961025528324,405,32.469976091816655,25.0,48.0,1008.0,0,0,1.0,demo
1789935732.4944046,104702,49543,46376,0.017861752753143504,-0.013123921260516501,1.000892002727191,0.16577685054711047,-0.493361743355529,-0.05023272208330597,32.43771474288442,419,188.9872076752077,577,509,17.661485894214074,199.6137562439791,417,32.55150502061728,25.0,48.0,1008.0,0,0,1.0,demo
1789935733.5807242,105788,45891,42962,0.006810257626678544,0.04052067319994771,1.0101524382718405,-0.21294760929812054,0.48011250929118976,0.9931668843009251,32.41537390507102,425,186.3528634096365,388,512,18.898605100001557,198.68752992564134,416,32.46824023319052,25.0,48.0,1008.0,0,0,1.0,demo
1789935734.6526253,106860,47626,44837,0.0066632797834995676,-0.028914515706709516,0.9966967135580804,-0.2598317606113928,-0.19792869440423372,-0.6563042883888207,32.4013759316044,424,183.7246569666124,515,512,18.58460304872449,197.9532212414576,418,32.5149201817401,25.0,48.0,1008.0,0,0,1.0,demo
1789935735.7276754,107935,50505,47120,-0.0019806032665432853,-0.009241959861566453,1.0127927739666591,0.42036177034296374,-0.29218976585358714,0.2742540262122708,32.34974218387881,430,181.06205809957348,645,525,20.19435023333298,197.41695364048363,413,32.48476790248512,25.0,48.0,1008.0,0,0,1.0,demo
1789935736.910709,109118,46527,43626,0.0008891604865580333,0.01438448233968358,0.9829616381356016,0.40264278943565507,0.5037622149867085,0.14156086270448015,32.38093151103447,434,178.10366231663835,427,512,24.61860918906939,197.07654927480868,400,32.504776801052714,25.0,48.0,1008.0,0,0,1.0,demo
1789935738.0057044,110213,45871,42876,-0.026645322642585158,0.004122315136205067,0.9927905635749312,0.5138777737150954,0.444129612644461,-1.0443605788535228,32.3657259203498,421,175.3413368518191,407,509,19.2960437120529,197.00450285869638,403,32.47358741427489,25.0,48.0,1008.0,0,0,1.0,demo
1789935739.0920217,111299,46917,43767,0.015940184504383663,-0.0097052601080157,1.0248430140319396,-0.11292703499449792,0.36467414703539514,-0.31711175457588214,32.40356895643885,430,172.5803207789686,422,511,21.881514951226144,197.16619812220213,409,32.53545813410745,25.0,48.0,1008.0,0,0,1.0,demo
1789935740.170202,112378,50336,46615,0.03680312790536249,-0.00778223902156029,0.9927635627579386,0.2847059835514189,0.4331295605740099,-0.16764437053027673,32.37243251634323,429,169.821922915495,607,509,17.62680440085226,197.5517031577941,409,32.468148038748446,25.0,48.0,1008.0,0,0,1.0,demo
1789935741.2550836,113462,45663,43147,-0.011323552557789097,0.0015357327946171886,1.0107389570525736,-0.43214848951455925,-0.19162192337397152,0.1485659076262794,32.36686072618135,427,167.0304458260047,416,512,20.077139860201473,198.15469089183375,405,32.466744404368164,25.0,48.0,1008.0,0,0,1.0,demo
1789935742.328879,114536,49822,46492,-0.04803757015346061,-0.043105123918277116,0.992639073926156,0.1523747347861843,0.21946439845678464,0.26702681949356516,32.37778651556314,460,164.25395881569997,610,514,16.464308404759226,198.94687162062493,425,32.509780150672526,25.0,48.0,1008.0,0,0,1.0,demo
1789935743.4075356,115615,50535,47018,-0.011983059231508624,0.010283391260428489,0.9950282062338779,-0.5459350148898549,-0.3147420898952985,0.7237721426476481,32.38021858294906,432,161.4535660328235,633,514,18.351597279679645,199.91557074308395,427,32.47672231113017,25.0,48.0,1008.0,0,0,1.0,demo
1789935744.4875913,116695,49429,46041,-0.02136554129171654,0.011172098787219436,0.9969498900556247,-0.8205228339768689,0.30595057544877796,-0.5381104082957943,32.37694387023812,431,158.6403906121721,582,511,24.459765873789806,201.0314125114686,427,32.48143120104581,25.0,48.0,1008.0,0,0,1.0,demo
1789935745.5690763,117776,45523,42796,0.016148322327163126,-0.03278563389732021,0.9852171110608922,-0.6561953122510179,0.519341206525244,-0.11101634728651301,32.417967258395855,448,155.81657187290014,387,507,23.739166796384293,202.2628950371647,399,32.52142362219528,25.0,48.0,1008.0,0,0,1.0,demo
1789935746.6493134,118857,50533,47017,-0.0035052119147660227,-0.00370311523417665,1.0201923571314686,0.2526477517683204,0.051960249048631155,0.249113033213892,32.39290182674251,433,152.99135614947693,642,507,23.62227173277727,203.57163483713552,411,32.52791735887884,25.0,48.0,1008.0,0,0,1.0,demo
1789935747.7228725,119930,47040,43797,-0.0007919557014095415,-0.01124110224239942,0.9947219013534887,0.1985447421627905,0.07843654701619678,-0.38742354214002467,32.40721885916844,447,150.18123134192268,432,509,21.04796698024682,204.91301062257168,406,32.495563172553865,25.0,48.0,1008.0,0,0,1.0,demo
1789935748.7834816,120991,46925,44541,0.018157925414536282,-0.022442816683983086,0.9907357101307253,0.9910080751778954,0.3600881935559456,-0.7248203075135351,32.37484727008783,602,147.40485468832847,507,513,18.561822558326174,206.24078043362638,430,32.44734628340949,25.0,48.0,1008.0,0,0,1.0,demo
1789935749.923431,122131,48205,45127,0.024111386391112086,0.0646431757317541,1.008913807346727,1.0229828097329523,1.9390906442538356,0.1274375567708251,32.3922227052952,643,144.42307790862364,518,512,20.4800199936614,207.62855930557993,425,32.49643169600847,25.0,48.0,1008.0,0,0,1.0,demo
1789935750.981319,123189,50320,47190,0.08880531131510046,0.03883265715778049,1.05883536161394,1.7339346266924889,-0.17415677924609493,-0.3829876826012247,32.423609228186315,683,141.66033601137548,619,518,18.89218431780687,208.842154203658,422,32.53188177264501,25.0,48.0,1008.0,0,0,1.0,demo
1789935752.0547025,124262,48176,45027,-0.07633836434208764,0.02351982191259752,0.9840201845415995,-0.1062430646044302,-0.455462964391211,-1.2925145240939264,32.37266513265522,675,138.86367473805657,488,509,16.793010434255308,209.9651809453601,424,32.48068943498636,25.0,48.0,1008.0,0,0,1.0,demo
1789935753.145127,125353,47230,44737,-0.057262858394946055,-0.03647140664136525,1.0482001209116285,-1.538634538761032,0.2820392161076892,-0.7635998199453768,32.363867317533725,653,136.03162977959,502,511,21.925251680829543,210.96169152209728,404,32.47771743042802,25.0,48.0,1008.0,0,0,1.0,demo
1789935754.2464836,126454,48573,45392,-0.031342763759045295,-0.11166002427898276,1.0170859379052188,-1.5261062820791305,-0.19967063201311627,0.44470801689464046,32.40093065031586,609,133.18275460625398,525,509,21.395672002715536,211.7909965758639,411,32.49129587006327,25.0,48.0,1008.0,0,0,1.0,demo
1789935755.2774987,127485,48502,45630,-0.06153320635860129,0.007242382753560494,0.9660490460513441,0.42217399126291955,0.7337516235014166,1.369404035221304,32.40217688524763,622,130.52845514454802,538,515,18.23697673403159,212.3839962170694,409,32.46813549563126,25.0,48.0,1008.0,0,0,1.0,demo
1789935756.3318546,128539,50304,46739,-0.028256250765307994,0.020578009421423574,0.9995781810269275,1.411982393699097,0.6956375739650408,-0.6597166732088873,32.38383280072151,677,127.82875192233838,620,514,22.562987319675482,212.79047049132905,432,32.49056067525695,25.0,48.0,1008.0,0,0,1.0,demo
1789935757.3817577,129589,50547,47211,2.9075196860708218e-05,-0.006977375946682355,1.0590656564884349,0.8216145963474965,0.06618559105404495,0.46031245159276607,32.3980752312965,675,125.1572319748197,633,514,18.78901104967361,212.9833874141347,443,32.514982694424035,25.0,48.0,1008.0,0,0,1.0,demo
1789935758.4167595,130624,46215,42983,-0.05827724209120624,0.018306863726313915,0.9852034296379628,-0.09157982302952453,1.9547881967473593,-1.2440742854410618,32.36265171577837,640,122.54198984663932,385,507,20.83377126882872,212.96151947317958,418,32.44142412097853,25.0,48.0,1008.0,0,0,1.0,demo
1789935759.4618251,131669,49034,46009,-0.010602169150749564,0.07088649222283634,0.9746049411870609,-0.4122473740281696,0.4928646717390197,0.9891057891897935,32.37794110001944,615,119.92177821635065,553,510,23.155859593707614,212.72641026373648,407,32.49726178053605,25.0,48.0,1008.0,0,0,1.0,demo
1789935760.5309088,132738,49120,46053,0.004337289108764068,-0.03518429800340245,0.9787072504780989,0.29953991085655696,-0.43365396229175,0.4848555490532399,32.396202664964235,623,117.26465936101796,552,511,16.61153620213163,212.27102072831065,412,32.48908097550954,25.0,48.0,1008.0,0,0,1.0,demo
1789935761.6362581,133844,46554,43264,-0.021115831619369578,0.024621538093362542,0.9561757134726031,0.5549962561846615,-0.8250151850131007,-0.9929552975263759,32.39743832372019,660,114.54439123450256,404,510,19.885014142062598,211.58529368654985,408,32.49759627304156,25.0,48.0,1008.0,0,0,1.0,demo
1789935762.727016,134934,50400,46779,-0.03644924631214385,0.049289305997922556,1.0023938566386215,0.2158830973139061,0.9507999171785899,0.20001726908532985,32.38184000219176,656,111.88912638218504,629,514,22.83682919815879,210.71438783951243,422,32.452258760413436,25.0,48.0,1008.0,0,0,1.0,demo
1789935763.8934526,136101,48954,45882,-0.04271426197028211,-0.03596449750101091,0.9704303361260332,-1.9861703255698844,-1.241934549534468,0.3408021634798033,32.376868702094725,643,109.08407321861003,571,513,21.351461128628227,209.5986489804569,421,32.48805436594553,25.0,48.0,1008.0,0,0,1.0,demo
1789935764.9726996,137180,46177,43012,-0.001231797337777995,-0.04430373672330412,1.0190213018118013,-0.17092876171145144,-0.25284026499389894,0.0351242935166604,32.39030032301263,618,106.52261771067671,390,509,19.977883200572006,208.42827495960816,430,32.51906867749698,25.0,48.0,1008.0,0,0,1.0,demo
1789935766.0425577,138250,50623,47061,0.06910710098148042,-0.011894996445721008,1.0385188206448455,-0.5373385903806508,-0.2495766275914541,-1.4714370263680532,32.361133943968824,637,104.017694951556,647,510,20.592998672440388,207.1709673526008,418,32.47235511335798,25.0,48.0,1008.0,0,0,1.0,demo
1789935767.1038892,139311,45779,43616,-0.0037291278125068483,0.03338963089654349,0.9863858269731447,-1.048064286954168,-0.20591998914430054,-2.0303145048242075,32.39874329419255,646,101.56837125801042,430,510,21.09794747719475,205.86314493972375,418,32.51448333883879,25.0,48.0,1008.0,0,0,1.0,demo
1789935768.164459,140372,45287,43245,-0.00654764628706213,-0.038044808925165714,0.9773959921581242,-0.9544312753486429,0.2949859754319041,0.2238079547270672,32.39315682361861,658,99.15815353509677,401,514,17.249953776808546,204.53234389488892,437,32.511638830449705,25.0,48.0,1008.0,0,0,1.0,demo
1789935769.263563,141471,50194,46962,0.03731486416632754,-0.0641683238635748,1.0262687549842897,0.42664354083671735,-0.4614570640165227,0.8757800612090914,32.407795880080606,660,96.70174268329036,623,506,20.125920968760994,203.16732297253063,414,32.50860527836375,25.0,48.0,1008.0,0,0,1.0,demo
1789935770.3283587,142536,48384,44904,-0.07864512966717228,0.009612393621958851,1.012219302314443,1.3282379434268674,-0.8972403401286556,-0.4646880269574702,32.40871289446481,638,94.36406977960587,497,509,19.32839774955342,201.89648426999702,425,32.532220690505696,25.0,48.0,1008.0,0,0,1.0,demo
1789935771.4039185,143611,48272,45459,0.09248484558779951,0.01700731405421087,1.0168179088894442,0.5668226396929559,2.361294511438664,-0.5352164993991225,32.398218137917034,621,92.04666017588887,522,512,19.626836703150605,200.7008511137537,448,32.49111061526615,25.0,48.0,1008.0,0,0,1.0,demo
1789935772.4874594,144695,50006,46800,0.01306354391299504,-0.014859825840030108,1.0294999229900699,0.7543912200149433,-0.12654510195285237,1.0877539330418022,32.38329522830506,649,89.75851861935026,604,517,20.261330133925707,199.62021245828473,445,32.4792578729022,25.0,48.0,1008.0,0,0,1.0,demo
1789935773.5664763,145774,49120,45860,0.023037459089377595,-0.05474519797905467,1.0405987803768642,0.7391568466888794,-0.3105110400724879,0.18766813706066823,32.39280735664308,671,87.52809722628523,579,509,21.803473414758983,198.69854473571604,420,32.47925553823746,25.0,48.0,1008.0,0,0,1.0,demo
1789935774.6246614,146832,47616,44844,0.040230965345936114,0.030325906710962892,0.9620472460944607,0.28454556323868524,2.5631862760812023,2.5437252893003106,32.398615139245415,654,85.38914000489096,478,510,20.603382608994938,197.96992467083757,417,32.47838122153839,25.0,48.0,1008.0,0,0,1.0,demo
1789935775.6946497,147902,46188,43190,-0.013514927453135126,-0.052179017749090964,0.970614971753305,1.2391597294406267,-0.25804792825526457,0.4864272837693507,32.37734925571024,633,83.27674694722337,407,518,20.425221076517143,197.43027899948285,416,32.48266257972334,25.0,48.0,1008.0,0,0,1.0,demo
1789935776.7708673,148978,50029,46503,0.009188429831588919,0.05975683204449851,0.9798388989223357,-1.2996754007696192,0.8375780617239291,-0.8752970245009306,32.38847083564888,610,81.20487024799215,611,515,18.458564571163844,197.10271071753456,433,32.49000119982741,25.0,48.0,1008.0,0,0,1.0,demo
1789935777.9595118,150167,45312,42929,0.10174185286915438,-0.08779410948483773,0.9553312420387555,0.8112924507949167,-1.3316456915224646,1.6557596699261043,32.3773277523332,648,78.98008512875066,393,518,17.784803533421076,197.00276603711856,419,32.46068647917321,25.0,48.0,1008.0,0,0,1.0,demo
1789935779.03161,151239,45784,42949,-0.0002481071913021443,0.004474102376355787,0.9879360652999941,0.225567823362261,0.19465250216503052,0.9861926153136057,32.3872434480499,681,77.03236486321644,401,515,21.85194387398925,197.15115724132386,441,32.471430077850194,25.0,48.0,1008.0,0,0,1.0,demo
1789935780.1090467,152316,48236,45262,0.025190430139648765,0.020413491446134465,0.9713998869564078,0.32137463456103166,0.3005692228755349,0.7754161873077927,32.39883034307389,645,75.13285748022612,519,512,21.960735280375694,197.524002786863,411,32.463877089655405,25.0,48.0,1008.0,0,0,1.0,demo
1789935781.1882012,153396,45616,42906,-0.06079565838001326,0.011662920419527602,1.0162600196310339,0.3060466891028845,0.6675948797637091,-0.09743246944089452,32.40540976046075,635,73.29002885173833,398,505,19.782312869253502,198.1115724842664,416,32.49999557855396,25.0,48.0,1008.0,0,0,1.0,demo
1789935782.313653,154521,48277,45343,0.01570176825200232,0.010009870123314684,1.015372195358369,-0.10914532581385082,-2.2828572437550894,-0.9437571386205708,32.3451272302871,629,71.43338311484703,518,513,17.791767283716897,198.93437873963939,427,32.46846568226855,25.0,48.0,1008.0,0,0,1.0,demo
1789935783.4316678,155639,50501,47051,0.03445426743321937,0.02680772707690092,1.0113492542160065,0.1629152889801168,-0.48660547262440296,-1.1683460659368206,32.37608284356365,657,69.65653024316335,632,506,18.049664592780506,199.93902020830842,420,32.44050268123417,25.0,48.0,1008.0,0,0,1.0,demo
1789935784.5540373,156761,49992,46296,-0.015661353946869492,0.045054212428936015,1.00427124849037,-0.6805852307997727,-0.8284150560387666,-0.36224304250550743,32.390616051069536,666,67.94198693338693,594,507,17.287179809947517,201.10412755996884,426,32.47734023231138,25.0,48.0,1008.0,0,0,1.0,demo
